,time,high,low,open,volumefrom,volumeto,close
0,2018-12-25,8.795,8.326,8.114,39077.02,337540.36,8.638
1,2018-12-26,7.93,7.373,8.638,69245.38,538902.78,7.783
2,2018-12-27,9.458,8.401,7.783,99151.86,845665.28,8.529
3,2018-12-28,8.765,8.055,8.529,107160.55,901018.53,8.408
4,2018-12-29,8.737,8.451,8.408,53664.29,461631.08,8.602
5,2018-12-30,8.652,7.937,8.602,140612.78,1216616.83,8.652
6,2018-12-31,9.196,8.355,8.652,96192.86,816049.24,8.483
7,2019-01-01,9.426,8.482,8.483,292085.06,2531006.72,8.665
8,2019-01-02,8.413,8.112,8.665,162234.22,1334604.58,8.226
9,2019-01-03,8.671,8.151,8.226,206358.54,1729717.59,8.382
10,2019-01-04,8.595,8.249,8.382,163366.16,1394060.85,8.533
11,2019-01-05,9.233,8.71,8.533,236190.13,2152711.39,9.114
12,2019-01-06,8.876,8.535,9.114,223848.89,1967397.51,8.789
13,2019-01-07,9.477,8.686,8.789,348760.4,3233572.09,9.272
14,2019-01-08,9.807,9.158,9.272,373858.88,3544035.18,9.48
15,2019-01-09,8.129,7.482,9.48,611867.26,4922086.39,8.044
16,2019-01-10,8.159,7.577,8.044,493004.63,3905249.36,7.921
17,2019-01-11,8.699,8.387,7.921,181656.84,1568448.59,8.634
18,2019-01-12,7.452,7.135,8.634,162345.36,1176208.17,7.245
19,2019-01-13,8.898,8.289,7.245,184661.58,1585181.46,8.584
20,2019-01-14,8.855,8.24,8.584,114142.38,1000687.88,8.767
21,2019-01-15,9.199,8.563,8.767,167349.83,1523112.82,9.101
22,2019-01-16,9.299,8.815,9.101,130787.83,1216134.63,9.299
23,2019-01-17,9.893,9.274,9.299,178288.75,1754178.27,9.839
24,2019-01-18,9.923,9.333,9.839,104594.21,1015016.83,9.704
25,2019-01-19,9.73,9.357,9.704,148044.56,1417828.55,9.577
26,2019-01-20,9.741,9.374,9.577,101096.96,978006.49,9.674
27,2019-01-21,10.0,9.646,9.674,96823.35,948635.61,9.798
28,2019-01-22,10.01,9.744,9.798,47954.29,476711.8,9.941
29,2019-01-23,10.21,10.02,9.941,55420.68,558676.77,10.08
30,2019-01-24,10.4,9.819,10.08,106379.12,1094815.9,10.29
31,2019-01-25,10.46,9.898,10.29,120309.97,1253748.69,10.42
32,2019-01-26,10.27,9.607,10.42,209891.88,2154070.52,10.26
33,2019-01-27,9.383,7.983,10.26,811790.98,6570938.18,8.094
34,2019-01-28,8.212,7.919,8.094,157690.04,1267628.05,8.039
35,2019-01-29,8.364,7.887,8.039,133481.57,1068010.4,8.001
36,2019-01-30,8.114,7.679,8.001,145266.17,1171476.73,8.064
37,2019-01-31,8.643,8.009,8.064,181691.26,1529567.78,8.418
38,2019-02-01,8.839,8.427,8.418,100919.79,870893.73,8.63
39,2019-02-02,8.295,7.996,8.63,100619.78,827604.25,8.225
40,2019-02-03,9.121,8.548,8.225,151189.96,1366383.21,9.038
41,2019-02-04,10.26,8.956,9.038,257931.98,2615092.28,10.14
42,2019-02-05,10.9,9.398,10.14,333918.39,3435238.23,10.29
43,2019-02-06,10.93,10.25,10.29,100515.26,1032409.71,10.27
44,2019-02-07,11.71,10.33,10.27,198803.26,2186117.11,11.0
45,2019-02-08,11.61,10.92,11.0,124005.28,1427243.36,11.51
46,2019-02-09,12.45,11.41,11.51,255291.4,2934124.79,11.49
47,2019-02-10,12.78,11.51,11.49,236062.47,2929026.4,12.41
48,2019-02-11,13.03,11.78,12.41,259710.67,3156334.96,12.15
49,2019-02-12,12.09,11.41,12.15,157211.03,1834268.62,11.67
50,2019-02-13,11.82,11.14,11.67,140276.58,1637612.08,11.67
51,2019-02-14,12.44,11.62,11.67,256618.97,3137720.08,12.23
52,2019-02-15,12.34,11.84,12.23,94047.91,1125165.72,11.96
53,2019-02-16,13.01,11.88,11.96,205647.15,2482707.71,12.07
54,2019-02-17,13.13,12.04,12.07,238989.73,2974577.84,12.45
55,2019-02-18,14.32,12.2,12.45,357615.91,4945456.4,13.83
56,2019-02-19,15.25,14.09,13.83,337745.3,4826558.67,14.29
57,2019-02-20,14.15,13.2,14.29,202703.59,2785704.9,13.74
58,2019-02-21,14.67,13.98,13.74,108037.98,1543570.45,14.29
59,2019-02-22,15.03,13.84,14.29,176081.04,2460014.12,13.97
60,2019-02-23,13.03,11.24,13.97,334379.72,4348399.64,13.0
61,2019-02-24,14.06,12.33,13.0,750607.57,9625356.13,12.82
62,2019-02-25,12.88,12.47,12.82,170887.69,2141324.26,12.53
63,2019-02-26,13.04,11.99,12.53,269633.35,3421414.79,12.69
64,2019-02-27,13.75,12.8,12.69,340415.82,4612747.65,13.55
65,2019-02-28,15.3,13.66,13.55,305370.83,4641909.59,15.2
66,2019-03-01,15.84,14.33,15.2,315056.16,4974868.96,15.79
67,2019-03-02,15.26,14.6,15.79,120969.96,1821147.63,15.05
68,2019-03-03,15.23,14.4,15.05,124645.87,1896121.25,15.21
69,2019-03-04,19.44,16.43,15.21,443501.33,8064459.65,18.18
70,2019-03-05,19.97,17.71,18.18,231091.75,4564142.94,19.75
71,2019-03-06,20.7,19.12,19.75,319968.35,6481469.28,20.26
72,2019-03-07,19.88,17.65,20.26,279100.13,5319623.36,19.06
73,2019-03-08,20.12,18.88,19.06,149703.7,2872321.93,19.19
74,2019-03-09,19.3,18.61,19.19,96521.56,1857796.8,19.25
75,2019-03-10,19.71,18.82,19.25,141833.88,2750360.9,19.39
76,2019-03-11,20.54,19.03,19.39,161116.71,3280381.33,20.36
77,2019-03-12,20.57,20.08,20.36,105820.57,2141587.91,20.24
78,2019-03-13,20.22,19.48,20.24,108768.58,2172856.87,19.98
79,2019-03-14,20.62,19.88,19.98,116140.13,2308758.24,19.88
80,2019-03-15,21.32,19.58,19.88,173378.74,3674555.9,21.19
81,2019-03-16,21.13,20.58,21.19,80367.32,1665383.58,20.72
82,2019-03-17,20.88,20.26,20.72,135853.42,2804832.83,20.65
83,2019-03-18,21.21,20.01,20.65,442719.45,9144149.77,20.65
84,2019-03-19,20.66,20.01,20.65,140134.54,2814369.33,20.08
85,2019-03-20,19.84,18.71,20.08,155436.62,2977381.31,19.15
86,2019-03-21,20.35,19.27,19.15,98508.33,2000858.05,20.31
87,2019-03-22,20.59,20.1,20.31,55716.68,1126786.56,20.22
88,2019-03-23,23.28,19.6,20.22,392517.61,9002697.55,22.94
89,2019-03-24,22.72,21.66,22.94,184822.95,4148939.77,22.45
90,2019-03-25,22.38,20.86,22.45,155642.42,3346588.14,21.5
91,2019-03-26,22.9,22.04,21.5,116894.53,2600377.03,22.25
92,2019-03-27,22.35,21.83,22.25,65536.36,1459856.5,22.28
93,2019-03-28,23.03,21.83,22.28,104634.41,2286261.86,21.85
94,2019-03-29,22.66,21.2,21.85,113399.39,2565701.12,22.63
95,2019-03-30,23.61,22.26,22.63,148649.77,3468238.31,23.33
96,2019-03-31,24.06,22.77,23.33,150896.75,3565338.61,23.63
97,2019-04-01,28.06,25.91,23.63,240740.79,6336259.56,26.32
98,2019-04-02,25.24,22.32,26.32,383740.06,9212661.75,24.01
99,2019-04-03,25.59,23.65,24.01,243106.31,6059667.88,24.93
100,2019-04-04,26.75,25.12,24.93,141073.45,3649022.79,25.87
101,2019-04-05,26.06,24.31,25.87,109705.2,2767477.79,25.23
102,2019-04-06,26.66,24.95,25.23,106580.82,2676493.79,25.11
103,2019-04-07,25.98,23.66,25.11,211366.84,5048378.4,23.88
104,2019-04-08,24.62,22.92,23.88,176472.57,4320694.4,24.48
105,2019-04-09,24.96,23.7,24.48,124167.12,3022351.25,24.34
106,2019-04-10,23.94,22.46,24.34,137730.08,3278192.0,23.8
107,2019-04-11,24.99,23.0,23.8,154294.46,3828339.95,24.81
108,2019-04-12,25.3,24.24,24.81,144645.83,3646578.51,25.21
109,2019-04-13,27.12,25.16,25.21,168929.9,4374430.3,25.89
110,2019-04-14,26.08,24.48,25.89,104804.12,2722044.71,25.97
111,2019-04-15,27.11,26.03,25.97,74697.08,1993291.58,26.69
112,2019-04-16,26.57,25.95,26.69,42507.1,1110548.83,26.13
113,2019-04-17,29.96,26.5,26.13,228102.34,6743398.83,29.56
114,2019-04-18,33.86,29.16,29.56,267987.16,8873196.36,33.11
115,2019-04-19,34.37,32.26,33.11,186355.0,6273834.14,33.67
116,2019-04-20,33.08,30.8,33.67,183482.27,6005452.31,32.73
117,2019-04-21,33.23,30.87,32.73,125845.14,4025900.04,31.99
118,2019-04-22,32.44,30.28,31.99,126377.53,3864758.32,30.58
119,2019-04-23,31.39,28.72,30.58,169864.07,5298674.06,31.19
120,2019-04-24,30.42,28.48,31.19,124831.01,3784234.09,30.31
121,2019-04-25,31.46,29.67,30.31,144369.09,4385675.98,30.38
122,2019-04-26,31.34,29.84,30.38,76974.29,2318588.93,30.12
123,2019-04-27,30.71,29.51,30.1,62547.7,1915632.65,30.63
124,2019-04-28,29.87,28.31,30.63,75772.38,2163867.77,28.56
125,2019-04-29,30.43,29.14,28.56,74749.45,2194182.2,29.35
126,2019-04-30,29.32,28.57,29.35,63954.03,1862802.97,29.13
127,2019-05-01,32.32,29.06,29.13,162539.26,5116635.78,31.48
128,2019-05-02,32.67,30.24,31.48,127009.02,3958320.44,31.17
129,2019-05-03,31.04,29.92,31.17,60333.66,1842312.44,30.54
130,2019-05-04,31.1,30.16,30.54,56035.38,1718148.98,30.66
131,2019-05-05,32.43,28.68,30.66,150470.11,4436761.66,29.49
132,2019-05-06,28.87,27.0,29.49,135118.55,3712209.34,27.47
133,2019-05-07,28.62,26.21,27.47,228785.85,6227696.12,27.22
134,2019-05-08,27.89,20.41,27.22,180980.24,4555214.73,25.17
135,2019-05-09,27.06,24.8,25.17,112048.92,2964390.88,26.46
136,2019-05-10,29.8,26.88,26.46,212518.02,5987087.41,28.17
137,2019-05-11,28.43,26.33,28.17,117369.02,3294877.02,28.07
138,2019-05-12,32.45,28.6,28.07,254919.81,7953498.07,31.2
139,2019-05-13,36.09,31.08,31.2,257076.13,8191813.66,31.87
140,2019-05-14,40.69,35.41,31.87,233910.05,8438866.44,36.08
141,2019-05-15,38.88,33.91,36.08,319349.51,11356916.13,35.56
142,2019-05-16,36.53,32.18,35.56,284287.13,9916219.38,34.88
143,2019-05-17,39.07,32.86,34.88,246783.71,9610412.14,38.94
144,2019-05-18,44.44,39.19,38.94,273729.76,11001986.03,40.19
145,2019-05-19,40.45,37.85,40.19,166571.49,6663973.46,40.01
146,2019-05-20,44.81,38.26,40.01,388444.74,17033501.9,43.85
147,2019-05-21,43.14,40.32,43.85,211352.67,8899629.35,42.11
148,2019-05-22,44.56,41.35,42.11,171127.63,7339130.82,42.89
149,2019-05-23,46.5,42.55,42.89,206444.48,9488884.43,45.96
150,2019-05-24,47.41,45.12,45.96,139981.03,6603128.03,47.17
151,2019-05-25,50.1,44.43,47.17,177945.34,7963320.53,44.75
152,2019-05-26,47.55,43.87,44.75,176273.51,7866601.82,44.63
153,2019-05-27,46.36,43.38,44.63,125720.24,5577122.33,44.36
154,2019-05-28,45.98,42.89,44.36,129868.83,5895882.55,45.4
155,2019-05-29,45.07,41.19,45.47,3185798.91,135397536.85,42.5
156,2019-05-30,44.82,42.93,42.52,109955.65,4802723.37,43.68
157,2019-05-31,44.46,41.87,43.68,152318.85,6718796.66,44.11
158,2019-06-01,45.01,43.55,44.11,73610.85,3234682.1,43.94
159,2019-06-02,41.3,39.82,43.94,139930.72,5759853.2,41.16
160,2019-06-03,39.75,37.92,41.16,124684.16,4767286.76,38.23
161,2019-06-04,41.69,39.62,38.23,83609.7,3466555.48,41.46
162,2019-06-05,43.32,41.65,41.46,104370.82,4350863.79,41.69
163,2019-06-06,42.84,41.44,41.69,57813.37,2426492.12,41.97
164,2019-06-07,41.93,40.2,41.97,67963.38,2834243.87,41.7
165,2019-06-08,40.21,39.05,41.7,58005.99,2298867.0,39.63
166,2019-06-09,42.92,41.78,39.63,70480.2,2976958.05,42.24
167,2019-06-10,42.79,41.88,42.24,70044.0,2985913.52,42.63
168,2019-06-11,47.78,45.51,42.63,108729.53,5050693.25,46.45
169,2019-06-12,47.54,44.52,46.45,111411.34,5224899.84,46.9
170,2019-06-13,49.01,41.05,46.9,306033.71,13373440.54,43.7
171,2019-06-14,46.53,43.04,43.7,133795.71,5864477.77,43.83
172,2019-06-15,44.52,42.61,43.83,126659.32,5487957.59,43.33
173,2019-06-16,45.87,42.93,43.33,138332.68,6204641.09,44.85
174,2019-06-17,46.17,43.67,44.85,117490.98,5395978.63,45.93
175,2019-06-18,48.23,46.86,45.93,84372.21,3990547.94,47.3
176,2019-06-19,50.27,46.5,47.3,163237.68,8034452.83,49.22
177,2019-06-20,52.5,49.45,49.22,178113.86,9035082.39,50.73
178,2019-06-21,53.89,49.48,50.73,171740.07,8567164.77,49.88
179,2019-06-22,49.77,46.78,49.88,128357.75,6258436.5,48.76
180,2019-06-23,49.87,47.74,48.76,69556.68,3359535.27,48.3
181,2019-06-24,50.13,46.73,48.3,120639.96,5682443.72,47.1
182,2019-06-25,49.87,42.46,47.1,277702.92,12801493.67,46.1
183,2019-06-26,45.84,39.26,46.1,217078.98,9585514.19,44.16
184,2019-06-27,46.16,43.3,44.16,92753.9,4097354.47,44.17
185,2019-06-28,47.23,44.46,44.17,79088.8,3593322.12,45.43
186,2019-06-29,41.36,39.35,45.43,71392.11,2864022.78,40.12
187,2019-06-30,42.18,39.44,40.12,90036.53,3708872.71,41.19
188,2019-07-01,46.17,40.84,41.19,149186.37,6177178.61,41.41
189,2019-07-02,42.66,40.9,41.41,76944.48,3176665.17,41.29
190,2019-07-03,42.89,39.27,41.29,116590.31,4974794.39,42.67
191,2019-07-04,43.83,42.14,42.67,63007.45,2678891.66,42.52
192,2019-07-05,42.5,41.17,42.52,66947.36,2800657.78,41.83
193,2019-07-06,45.77,42.2,41.83,76331.5,3275711.67,42.91
194,2019-07-07,45.72,43.31,42.91,95676.56,4182464.18,43.71
195,2019-07-08,43.52,41.92,43.71,90862.7,3838040.45,42.24
196,2019-07-09,42.52,38.36,42.24,136640.78,5577042.63,40.82
197,2019-07-10,40.15,37.06,40.82,147218.23,5667931.3,38.5
198,2019-07-11,43.26,38.27,38.5,210570.15,8790927.05,41.75
199,2019-07-12,41.84,40.18,41.75,126860.14,5213624.45,41.1
200,2019-07-13,39.62,36.0,41.1,255462.2,10050700.43,39.34
201,2019-07-14,39.69,36.08,39.25,318433.33,11977094.64,37.61
202,2019-07-15,35.38,32.62,37.61,406606.33,13585725.87,33.41
203,2019-07-16,36.28,34.13,33.41,439729.52,15867748.78,36.09
204,2019-07-17,40.42,36.55,36.09,500038.27,18639976.59,37.28
205,2019-07-18,38.81,36.93,37.28,192868.72,7301065.26,37.86
206,2019-07-19,41.75,39.16,37.86,92546.55,3788391.08,40.93
207,2019-07-20,40.98,39.36,40.93,96433.88,3849331.9,39.92
208,2019-07-21,41.92,38.32,39.92,250037.27,10167650.57,40.66
209,2019-07-22,39.6,37.87,40.66,97393.54,3766705.68,38.68
210,2019-07-23,40.24,37.7,38.68,83831.13,3182285.69,37.96
211,2019-07-24,38.78,37.82,37.96,54369.58,2081627.07,38.29
212,2019-07-25,38.22,37.54,38.29,35981.53,1362953.95,37.88
213,2019-07-26,36.8,35.86,37.88,69310.51,2537023.06,36.6
214,2019-07-27,37.6,36.4,36.6,37794.37,1389487.56,36.76
215,2019-07-28,36.61,35.49,36.76,46308.04,1650091.61,35.63
216,2019-07-29,35.86,35.11,35.63,35244.73,1257869.96,35.69
217,2019-07-30,37.88,36.69,35.69,38965.63,1433174.19,36.78
218,2019-07-31,38.27,35.89,36.78,176926.73,6640405.18,37.53
219,2019-08-01,37.83,36.18,37.53,70257.23,2591913.43,36.89
220,2019-08-02,37.86,36.17,36.89,37658.61,1373174.14,36.46
221,2019-08-03,37.0,36.12,36.46,29615.27,1071557.71,36.18
222,2019-08-04,37.27,35.7,36.18,77735.97,2812456.3,36.18
223,2019-08-05,36.21,34.76,36.18,58285.74,2098426.88,36.0
224,2019-08-06,39.8,35.75,36.0,113050.19,4415244.81,39.06
225,2019-08-07,42.12,37.78,39.06,119476.99,4917817.71,41.16
226,2019-08-08,40.44,38.93,41.16,66777.92,2638882.83,39.52
227,2019-08-09,39.6,37.79,39.52,42848.9,1683857.9,39.3
228,2019-08-10,41.16,39.87,39.3,37519.57,1504618.2,40.1
229,2019-08-11,39.8,38.72,40.1,35511.82,1406364.81,39.6
230,2019-08-12,39.82,38.58,39.6,33474.92,1296096.28,38.72
231,2019-08-13,36.79,34.05,38.72,51687.88,1844267.39,35.68
232,2019-08-14,37.79,34.38,35.68,58649.97,2191299.24,37.36
233,2019-08-15,37.39,36.37,37.36,41502.47,1528946.01,36.84
234,2019-08-16,36.46,35.85,36.52,1635699.74,59418706.17,36.33
235,2019-08-17,38.51,36.52,36.64,33966.4,1258902.25,37.06
236,2019-08-18,39.61,38.31,37.06,38623.88,1485010.94,38.45
237,2019-08-19,37.68,37.05,38.45,23701.13,886266.43,37.39
238,2019-08-20,36.35,34.99,37.39,42164.25,1498221.45,35.53
239,2019-08-21,36.97,35.47,35.53,44596.4,1605615.78,36.0
240,2019-08-22,37.04,36.1,36.0,38245.66,1381772.86,36.13
241,2019-08-23,35.83,34.92,36.13,39258.36,1377741.6,35.09
242,2019-08-24,35.12,33.88,35.09,54153.73,1884585.92,34.8
243,2019-08-25,35.51,33.75,34.8,144110.82,4946358.04,34.32
244,2019-08-26,34.53,33.13,34.32,52765.21,1798201.95,34.08
245,2019-08-27,33.23,31.03,34.08,87889.03,2739514.25,31.17
246,2019-08-28,30.43,28.65,31.17,106309.31,3088717.07,29.05
247,2019-08-29,29.93,28.96,29.05,49487.97,1464282.32,29.59
248,2019-08-30,30.37,28.12,29.59,50326.08,1419696.55,28.21
249,2019-08-31,28.93,28.0,28.21,31705.77,909417.39,28.68
250,2019-09-01,31.3,29.44,28.68,57870.4,1764395.81,30.49
251,2019-09-02,30.48,29.29,30.49,41928.79,1241140.91,29.6
252,2019-09-03,29.1,27.99,29.6,40541.4,1155308.28,28.5
253,2019-09-04,31.54,28.38,28.5,93447.76,2805443.42,30.02
254,2019-09-05,29.74,28.31,30.02,66638.73,1941872.05,29.14
255,2019-09-06,31.14,29.07,29.14,46961.36,1388490.89,29.57
256,2019-09-07,30.38,29.32,29.57,33890.58,1001921.79,29.56
257,2019-09-08,29.74,28.61,29.56,36392.5,1053950.09,28.96
258,2019-09-09,29.18,28.54,28.96,25216.37,723160.35,28.68
259,2019-09-10,28.41,27.01,28.68,52205.44,1424554.33,27.29
260,2019-09-11,27.75,26.33,27.29,67092.64,1828346.63,27.25
261,2019-09-12,28.2,26.67,27.25,39280.09,1080570.06,27.51
262,2019-09-13,29.0,27.8,27.51,25194.87,701047.26,27.83
263,2019-09-14,28.11,26.86,27.83,32721.46,878957.77,26.86
264,2019-09-15,28.1,26.48,26.86,59702.55,1599608.27,26.79
265,2019-09-16,28.74,27.0,26.79,86845.98,2409758.83,27.75
266,2019-09-17,31.77,27.51,27.75,108183.07,3178151.38,29.38
267,2019-09-18,31.71,28.11,29.38,84073.61,2421003.18,28.8
268,2019-09-19,28.64,27.79,28.8,45245.55,1266232.61,27.99
269,2019-09-20,28.27,27.59,27.99,23152.15,648492.96,28.01
270,2019-09-21,27.51,26.91,28.01,34678.32,935551.72,26.98
271,2019-09-22,25.97,25.18,26.98,37901.12,976340.8,25.76
272,2019-09-23,23.0,20.87,25.76,166101.05,3513229.65,21.15
273,2019-09-24,21.69,20.34,21.15,85157.78,1811704.52,21.27
274,2019-09-25,21.41,17.96,21.27,88431.67,1796231.66,20.31
275,2019-09-26,21.71,19.0,20.31,87237.75,1822571.13,20.89
276,2019-09-27,21.01,20.45,20.89,41712.87,870078.84,20.86
277,2019-09-28,20.79,20.18,20.86,36944.18,751762.05,20.35
278,2019-09-29,21.63,20.84,20.35,59299.82,1246252.43,21.02
279,2019-09-30,21.31,20.35,21.02,48674.89,1028466.35,21.13
280,2019-10-01,21.76,21.07,21.13,24424.7,517341.12,21.18
281,2019-10-02,21.29,20.71,21.18,28234.43,595609.54,21.1
282,2019-10-03,21.25,20.9,21.1,21402.79,451867.99,21.11
283,2019-10-04,21.2,20.84,21.11,16403.16,345432.11,21.06
284,2019-10-05,20.4,19.89,21.06,24160.32,487662.3,20.18
285,2019-10-06,21.82,21.2,20.18,30899.93,668500.18,21.63
286,2019-10-07,21.64,21.17,21.63,26392.53,565175.15,21.41
287,2019-10-08,25.09,22.93,21.41,106136.65,2541377.29,23.94
288,2019-10-09,23.76,22.85,23.94,36572.71,855384.49,23.39
289,2019-10-10,22.34,21.39,23.39,55094.04,1207872.46,21.92
290,2019-10-11,23.31,21.86,21.92,33736.43,775275.12,22.98
291,2019-10-12,24.61,22.99,22.98,59528.48,1445093.38,24.28
292,2019-10-13,25.53,24.21,24.28,52887.41,1298477.73,24.55
293,2019-10-14,24.8,23.28,24.55,85314.17,2087605.32,24.47
294,2019-10-15,24.26,23.31,24.47,49650.44,1175667.61,23.68
295,2019-10-16,25.0,23.83,23.68,48482.56,1192789.03,24.6
296,2019-10-17,24.52,23.67,24.6,36043.2,872360.96,24.2
297,2019-10-18,24.32,23.73,24.2,33310.97,804935.01,24.16
298,2019-10-19,24.75,24.14,24.16,34752.66,851155.48,24.49
299,2019-10-20,24.25,23.58,24.49,37841.41,912439.65,24.11
300,2019-10-21,24.59,23.59,24.11,40888.94,985958.77,24.11
301,2019-10-22,23.13,22.0,24.11,70281.28,1546131.93,22.0
302,2019-10-23,22.43,21.65,22.0,40049.84,894275.88,22.33
303,2019-10-24,25.95,24.28,22.33,88582.29,2171951.38,24.52
304,2019-10-25,24.95,23.33,24.52,79381.18,1978777.54,24.93
305,2019-10-26,26.09,24.85,24.93,76833.11,1959590.05,25.5
306,2019-10-27,27.23,24.71,25.5,73806.36,1935335.61,26.22
307,2019-10-28,28.54,26.81,26.22,62547.07,1706792.45,27.29
308,2019-10-29,26.58,25.61,27.29,50014.7,1324668.14,26.49
309,2019-10-30,26.8,26.1,26.49,43788.14,1155542.39,26.39
310,2019-10-31,26.87,26.17,26.39,35537.83,940385.35,26.46
311,2019-11-01,26.78,26.37,26.46,20050.95,533486.92,26.61
312,2019-11-02,26.72,26.4,26.61,19199.93,512018.93,26.67
313,2019-11-03,28.02,26.72,26.67,51894.43,1407121.62,27.12
314,2019-11-04,27.78,26.69,27.12,32568.65,885290.16,27.18
315,2019-11-05,27.81,27.07,27.18,36118.09,990672.26,27.43
316,2019-11-06,26.96,26.49,27.43,17394.07,468896.36,26.96
317,2019-11-07,26.64,25.72,26.96,36158.29,940432.65,26.01
318,2019-11-08,26.64,26.12,26.01,12466.86,327470.83,26.27
319,2019-11-09,27.4,26.45,26.27,36242.31,982158.34,27.1
320,2019-11-10,26.59,25.95,27.1,24256.14,641326.42,26.44
321,2019-11-11,27.66,26.67,26.44,39610.36,1094758.3,27.64
322,2019-11-12,28.88,27.61,27.64,42616.21,1202207.84,28.21
323,2019-11-13,28.25,27.34,28.21,37805.98,1062410.98,28.1
324,2019-11-14,27.44,26.49,28.1,43944.48,1179596.67,26.84
325,2019-11-15,27.64,26.55,26.84,34301.05,918002.43,26.76
326,2019-11-16,26.93,26.3,26.76,37794.64,1004961.59,26.59
327,2019-11-17,25.88,24.82,26.59,46323.8,1169323.84,25.24
328,2019-11-18,25.29,24.31,25.24,37485.3,918101.21,24.49
329,2019-11-19,24.61,23.66,24.49,40586.2,974219.78,24.0
330,2019-11-20,22.69,21.56,24.0,66437.34,1484865.11,22.35
331,2019-11-21,21.57,20.2,22.35,117246.36,2416927.6,20.61
332,2019-11-22,21.83,20.55,20.61,68551.7,1489449.66,21.73
333,2019-11-23,20.47,19.61,21.73,77441.41,1552207.74,20.04
334,2019-11-24,21.16,20.1,20.04,97926.23,1984034.38,20.26
335,2019-11-25,20.89,20.07,20.26,55758.78,1134401.23,20.34
336,2019-11-26,21.51,20.82,20.34,59844.34,1284936.97,21.47
337,2019-11-27,21.35,20.76,21.47,41583.48,865828.35,20.82
338,2019-11-28,21.64,21.02,20.82,35101.95,758863.48,21.62
339,2019-11-29,21.32,20.75,21.62,31783.92,668638.83,21.04
340,2019-11-30,20.92,20.43,21.04,40391.16,832629.19,20.61
341,2019-12-01,20.64,20.26,20.61,35885.39,727646.12,20.28
342,2019-12-02,20.52,20.05,20.28,34457.49,704356.44,20.44
343,2019-12-03,20.23,19.92,20.44,49497.81,993520.04,20.07
344,2019-12-04,20.77,19.78,20.07,68024.0,1401100.12,20.6
345,2019-12-05,21.08,20.61,20.6,36909.28,769440.38,20.85
346,2019-12-06,20.9,20.59,20.85,24520.64,509609.4,20.78
347,2019-12-07,21.36,20.76,20.78,29991.31,625067.67,20.84
348,2019-12-08,20.42,20.16,20.84,22903.46,464482.17,20.28
349,2019-12-09,20.08,19.43,20.28,49176.61,965743.54,19.64
350,2019-12-10,19.57,19.16,19.64,31163.35,606410.56,19.46
351,2019-12-11,19.59,19.11,19.46,35390.98,679749.07,19.21
352,2019-12-12,19.81,19.41,19.21,22186.84,434893.3,19.6
353,2019-12-13,19.44,18.82,19.6,37876.58,720090.07,19.01
354,2019-12-14,19.12,18.84,19.01,24907.82,473067.65,18.99
355,2019-12-15,18.18,17.55,18.99,53153.14,943133.8,17.74
356,2019-12-16,16.4,15.61,17.74,91654.0,1494243.59,16.3
357,2019-12-17,18.44,17.56,16.3,117117.67,2098017.01,17.91
358,2019-12-18,17.85,17.27,17.91,56182.35,992193.78,17.66
359,2019-12-19,17.89,17.41,17.66,40213.25,714479.63,17.77
360,2019-12-20,17.76,17.54,17.77,20108.84,353431.73,17.58
361,2019-12-21,18.34,17.92,17.58,48051.0,871052.86,18.13
362,2019-12-22,17.8,17.38,18.13,46440.36,815801.09,17.57
363,2019-12-23,17.75,17.51,17.57,31662.22,557709.99,17.61
364,2019-12-24,17.48,17.18,17.61,48356.59,834849.69,17.26
365,2019-12-25,17.49,16.92,17.26,54162.35,934120.72,17.25
366,2019-12-26,17.55,17.28,17.25,44856.48,781225.88,17.42
367,2019-12-27,17.99,17.6,17.42,41524.41,746299.45,17.97
368,2019-12-28,18.97,18.06,17.97,58827.31,1082143.9,18.4
369,2019-12-29,18.49,17.95,18.4,46278.13,838853.21,18.13
370,2019-12-30,17.89,17.39,18.13,40781.03,725433.35,17.79
371,2019-12-31,18.04,17.56,17.79,27225.34,483677.11,17.77
372,2020-01-01,17.36,16.83,17.77,40144.5,678358.31,16.9
373,2020-01-02,18.31,17.58,16.9,59152.36,1046259.97,17.69
374,2020-01-03,18.04,17.7,17.7,1026594.1,18410935.71,17.93
375,2020-01-04,18.47,18.08,17.93,39374.8,720922.19,18.31
376,2020-01-05,19.69,19.2,18.31,56842.36,1105169.69,19.44
377,2020-01-06,19.61,19.28,19.44,42896.7,840599.23,19.6
378,2020-01-07,19.32,18.92,19.6,62488.36,1186566.85,18.99
379,2020-01-08,18.83,18.36,18.99,61905.56,1154456.61,18.65
380,2020-01-09,19.7,19.38,18.65,37853.79,738030.8,19.5
381,2020-01-10,19.58,19.21,19.5,63139.56,1230253.49,19.48
382,2020-01-11,20.17,19.7,19.48,51059.51,1010648.2,19.79
383,2020-01-12,19.76,19.51,19.79,22323.32,441035.23,19.76
384,2020-01-13,22.95,21.19,19.76,139696.3,3002618.58,21.49
385,2020-01-14,23.36,21.06,21.49,163805.26,3727391.97,22.76
386,2020-01-15,22.39,21.52,22.76,104001.06,2275615.99,21.88
387,2020-01-16,24.52,23.07,21.88,111933.07,2647419.93,23.65
388,2020-01-17,24.18,22.94,23.65,93587.52,2165609.97,23.14
389,2020-01-18,22.79,21.99,23.14,71633.06,1623240.1,22.66
390,2020-01-19,22.75,22.43,22.66,32381.41,729714.43,22.53
391,2020-01-20,23.63,22.75,22.53,64239.66,1509689.57,23.5
392,2020-01-21,23.87,23.08,23.5,44343.52,1033996.88,23.32
393,2020-01-22,22.55,22.07,23.32,36845.71,820051.98,22.26
394,2020-01-23,22.96,22.15,22.26,56709.37,1269317.32,22.38
395,2020-01-24,22.44,21.97,22.38,36554.96,814039.77,22.27
396,2020-01-25,23.22,22.65,22.27,39956.14,906881.43,22.7
397,2020-01-26,23.4,22.87,22.7,37468.37,863445.02,23.04
398,2020-01-27,23.67,23.04,23.04,52203.98,1215739.44,23.29
399,2020-01-28,23.54,23.06,23.29,33810.31,790518.86,23.38
400,2020-01-29,24.97,24.02,23.38,54998.89,1333481.42,24.25
401,2020-01-30,24.46,23.81,24.25,46532.94,1122469.72,24.12
402,2020-01-31,24.59,23.93,24.12,37423.13,899626.83,24.04
403,2020-02-01,24.63,23.62,24.04,58773.72,1415625.32,24.09
404,2020-02-02,24.48,23.95,24.09,32665.58,793124.05,24.28
405,2020-02-03,24.56,24.0,24.28,41985.14,1009282.39,24.04
406,2020-02-04,26.89,25.14,24.04,83424.73,2127926.17,25.51
407,2020-02-05,27.55,26.15,25.51,77445.8,2118705.2,27.36
408,2020-02-06,29.96,27.85,27.36,98095.15,2864611.16,29.2
409,2020-02-07,29.32,28.29,29.2,73433.34,2118744.25,28.85
410,2020-02-08,32.4,29.59,28.85,108291.39,3499006.89,32.31
411,2020-02-09,34.51,31.3,32.31,145257.29,4865475.29,33.5
412,2020-02-10,35.91,33.48,33.5,107205.1,3667142.88,34.21
413,2020-02-11,38.35,33.1,34.21,190250.17,6693460.05,35.18
414,2020-02-12,35.53,33.08,35.18,135875.9,4560795.13,33.57
415,2020-02-13,36.99,34.78,33.57,90112.33,3150684.73,34.96
416,2020-02-14,32.88,31.29,34.96,124700.59,3987778.56,31.98
417,2020-02-15,32.39,30.99,31.98,125238.27,3917016.57,31.28
418,2020-02-16,32.4,30.86,31.28,110705.33,3420789.18,30.9
419,2020-02-17,33.47,31.56,30.9,96338.52,3081989.68,31.99
420,2020-02-18,29.94,29.12,31.99,56243.94,1673401.2,29.75
421,2020-02-19,29.93,29.04,29.75,93183.41,2765236.61,29.68
422,2020-02-20,30.76,29.37,29.68,61961.41,1832602.16,29.58
423,2020-02-21,29.67,28.9,29.58,40612.1,1187382.47,29.24
424,2020-02-22,31.08,30.42,29.24,38119.27,1160517.48,30.44
425,2020-02-23,29.96,29.16,30.44,54435.17,1597937.13,29.35
426,2020-02-24,27.42,26.58,29.35,106025.79,2879818.47,27.16
427,2020-02-25,25.37,24.19,27.16,149643.61,3779871.05,25.26
428,2020-02-26,25.97,24.68,25.26,83854.63,2143700.35,25.56
429,2020-02-27,26.27,25.29,25.56,62366.17,1607517.02,25.78
430,2020-02-28,26.23,24.01,25.78,76108.26,1969287.6,25.87
431,2020-02-29,26.11,25.31,25.87,49291.48,1254861.85,25.46
432,2020-03-01,27.16,26.3,25.46,43348.27,1147933.28,26.48
433,2020-03-02,26.41,25.66,26.48,45601.65,1199913.15,26.31
434,2020-03-03,26.94,26.11,26.31,44742.69,1193690.23,26.68
435,2020-03-04,28.22,27.04,26.68,65107.86,1808842.06,27.78
436,2020-03-05,30.31,28.56,27.78,63201.89,1805158.11,28.56
437,2020-03-06,28.12,26.51,28.56,84642.62,2303296.47,27.21
438,2020-03-07,23.71,22.51,27.21,102289.65,2364641.03,23.12
439,2020-03-08,23.74,22.62,23.12,115138.45,2621438.52,22.77
440,2020-03-09,23.6,22.56,22.77,82002.68,1907925.0,23.27
441,2020-03-10,23.09,22.29,23.27,85712.25,1955299.66,22.81
442,2020-03-11,13.77,12.28,22.81,473256.67,6139465.08,12.97
443,2020-03-12,16.76,12.63,12.97,749745.99,11370179.84,15.17
444,2020-03-13,14.41,13.66,15.17,115406.92,1617051.56,14.01
445,2020-03-14,14.76,14.19,14.01,139323.65,2016610.16,14.47
446,2020-03-15,13.47,12.81,14.47,255972.53,3387231.25,13.23
447,2020-03-16,14.71,13.8,13.23,154196.52,2264242.3,14.68
448,2020-03-17,15.26,14.84,14.68,91868.28,1375391.62,14.97
449,2020-03-18,18.14,17.32,14.97,162725.29,2923614.96,17.97
450,2020-03-19,17.58,16.59,17.97,220115.8,3756856.57,17.07
451,2020-03-20,17.4,16.97,17.07,126667.3,2202515.33,17.39
452,2020-03-21,16.39,15.93,17.39,103709.28,1674159.27,16.14
453,2020-03-22,18.21,17.71,16.14,126066.96,2238068.52,17.75
454,2020-03-23,18.34,17.51,17.75,110172.45,1989911.83,18.06
455,2020-03-24,17.8,17.17,18.06,126500.01,2238349.52,17.69
456,2020-03-25,18.64,17.53,17.69,87882.95,1630824.09,18.56
457,2020-03-26,17.84,17.23,18.56,85195.3,1482269.48,17.4
458,2020-03-27,17.8,17.11,17.4,74530.0,1289426.99,17.3
459,2020-03-28,16.5,16.01,17.3,41594.05,668497.71,16.07
460,2020-03-29,17.47,17.03,16.07,48173.39,837926.38,17.39
461,2020-03-30,18.22,17.42,17.39,90861.53,1627548.07,17.91
462,2020-03-31,18.34,18.01,17.91,63183.01,1150168.73,18.2
463,2020-04-01,19.05,18.21,18.2,103154.73,1901426.85,18.43
464,2020-04-02,19.13,18.56,18.43,64050.47,1225528.63,19.13
465,2020-04-03,20.18,19.42,19.13,76834.85,1509331.03,19.64
466,2020-04-04,19.8,19.38,19.64,43368.22,853743.68,19.69
467,2020-04-05,23.17,21.18,19.69,124668.09,2667018.94,21.39
468,2020-04-06,20.51,19.73,21.39,802466.57,16446130.25,20.49
469,2020-04-07,21.69,21.11,20.49,1928960.0,40721947.79,21.11
470,2020-04-08,21.16,20.77,21.11,1738406.09,36641489.05,21.08
471,2020-04-09,20.18,19.19,21.08,2199485.11,42223848.22,19.2
472,2020-04-10,19.61,19.1,19.2,2076081.56,40108575.35,19.32
473,2020-04-11,20.37,19.51,19.32,2358183.0,47576910.82,20.18
474,2020-04-12,21.0,19.46,20.18,2892890.56,60468916.28,20.9
475,2020-04-13,22.09,20.93,20.9,2978056.62,64628877.95,21.7
476,2020-04-14,21.74,20.58,21.7,2826565.31,58440714.95,20.68
477,2020-04-15,23.62,21.71,20.68,2980607.57,65814881.89,22.08
478,2020-04-16,22.26,21.5,22.08,2597134.97,57003341.81,21.95
479,2020-04-17,24.44,23.17,21.95,2888310.79,67276901.02,23.29
480,2020-04-18,22.9,22.33,23.29,2872951.94,64996894.74,22.62
481,2020-04-19,21.77,21.1,22.62,2849931.63,60660604.94,21.28
482,2020-04-20,21.77,21.13,21.28,2437121.9,52386225.26,21.5
483,2020-04-21,22.99,22.18,21.5,2513976.71,56091710.84,22.31
484,2020-04-22,22.67,21.99,22.31,2518261.98,56779507.96,22.55
485,2020-04-23,22.89,22.34,22.55,2317085.25,51986673.35,22.44
486,2020-04-24,31.93,22.56,22.44,2282418.12,52346876.36,22.93
487,2020-04-25,23.45,22.94,22.93,2374416.54,54949441.37,23.14
488,2020-04-26,23.35,22.67,23.14,2431038.67,56008038.19,23.04
489,2020-04-27,23.4,22.87,23.04,2356761.07,54164088.07,22.98
490,2020-04-28,24.93,23.73,22.98,2834795.45,68527086.56,24.17
491,2020-04-29,23.87,22.79,24.17,2826433.16,67093282.45,23.74
492,2020-04-30,25.35,24.68,23.74,2795874.14,69783284.81,24.96
493,2020-05-01,25.03,24.71,24.96,2530162.72,63005267.74,24.9
494,2020-05-02,24.47,23.95,24.9,2776334.92,67277244.43,24.23
495,2020-05-03,24.77,23.8,24.23,2601440.8,62645003.5,24.08
496,2020-05-04,24.01,23.39,24.08,2479675.91,58655933.21,23.65
497,2020-05-05,23.33,22.82,23.65,2534452.73,58857141.07,23.22
498,2020-05-06,24.52,23.65,23.22,2744395.08,65500973.01,23.87
499,2020-05-07,24.23,23.64,23.87,2465816.14,59414697.26,24.1
500,2020-05-08,24.16,22.18,24.1,2540218.52,59894288.35,23.58
501,2020-05-09,21.58,20.04,23.58,2803964.93,60417548.28,21.55
502,2020-05-10,21.46,20.68,21.55,2600979.65,55376684.72,21.29
503,2020-05-11,22.61,21.35,21.29,2400773.7,53301990.65,22.2
504,2020-05-12,23.8,22.82,22.2,2294688.6,52516155.41,22.89
505,2020-05-13,23.61,22.87,22.89,2271738.58,52243892.72,23.0
506,2020-05-14,22.5,21.99,23.0,2036900.44,45111172.12,22.15
507,2020-05-15,26.9,22.53,22.15,2034088.15,46132233.8,22.68
508,2020-05-16,23.61,22.85,22.68,2095591.85,48227986.25,23.01
509,2020-05-17,23.8,23.09,23.01,2149906.71,49883584.09,23.2
510,2020-05-18,23.82,18.77,23.2,1982296.54,47051774.82,23.74
511,2020-05-19,23.69,23.3,23.74,1903979.46,44817516.42,23.54
512,2020-05-20,26.46,17.42,23.54,2008734.13,45205434.7,22.5
513,2020-05-21,23.8,19.81,22.5,1992555.04,46283240.23,23.23
514,2020-05-22,26.07,18.98,23.23,1832851.39,42471017.53,23.17
515,2020-05-23,22.7,22.33,23.17,1842769.36,41511800.01,22.53
516,2020-05-24,22.97,22.71,22.53,1955771.88,44858765.13,22.94
517,2020-05-25,22.53,22.14,22.94,1872809.23,41949752.13,22.4
518,2020-05-26,25.19,19.41,22.4,1882334.36,42632449.56,22.65
519,2020-05-27,24.25,23.44,22.65,2047984.66,48051810.01,23.46
520,2020-05-28,23.64,23.14,23.46,2034499.99,47668851.94,23.43
521,2020-05-29,26.02,24.08,23.43,1296370.84,31686160.14,24.44
522,2020-05-30,23.98,23.09,24.44,2117312.49,49837917.95,23.54
523,2020-05-31,25.2,24.38,23.54,1793169.16,44138962.16,24.62
524,2020-06-01,24.2,23.35,24.62,1198223.62,28418661.89,23.72
525,2020-06-02,24.78,24.1,23.72,1005109.23,24286869.13,24.16
526,2020-06-03,24.35,23.85,24.16,1064330.68,25652822.03,24.1
527,2020-06-04,24.39,23.7,24.1,1140013.72,27700048.12,24.3
528,2020-06-05,24.58,24.11,24.3,1020365.08,24614370.9,24.12
529,2020-06-06,24.58,23.91,24.12,1114956.02,26771633.57,24.01
530,2020-06-07,23.76,23.21,24.01,761578.31,17758871.67,23.32
531,2020-06-08,23.47,22.97,23.32,807094.43,18858001.47,23.37
532,2020-06-09,23.81,23.3,23.37,962446.29,22514352.17,23.39
533,2020-06-10,22.29,21.84,23.39,1079386.26,23761742.22,22.01
534,2020-06-11,22.71,22.2,22.01,1009410.77,22548355.67,22.34
535,2020-06-12,22.66,22.31,22.34,856213.51,19349155.05,22.6
536,2020-06-13,22.28,21.95,22.6,770141.79,17146999.79,22.26
537,2020-06-14,22.32,21.77,22.26,1102931.84,24250514.42,21.99
538,2020-06-15,22.77,22.02,21.99,904601.46,19982950.38,22.09
539,2020-06-16,22.35,16.8,22.09,967199.14,21326064.0,22.05
540,2020-06-17,22.01,21.61,22.05,811526.34,17600436.01,21.69
541,2020-06-18,29.64,21.42,21.69,776547.8,16683694.62,21.48
542,2020-06-19,21.63,21.31,21.48,725061.21,15666684.83,21.61
543,2020-06-20,21.79,21.35,21.61,598282.76,12850260.53,21.48
544,2020-06-21,23.05,21.83,21.48,718364.38,15934696.61,22.18
545,2020-06-22,22.2,21.87,22.18,384391.69,8444482.86,21.97
546,2020-06-23,21.92,20.96,21.97,373754.42,8053554.21,21.55
547,2020-06-24,21.79,21.55,21.55,286791.82,6219728.39,21.69
548,2020-06-25,21.67,21.41,21.69,238902.72,5174077.47,21.66
549,2020-06-26,21.06,20.74,21.66,181133.0,3774448.58,20.84
550,2020-06-27,21.23,20.9,20.84,158837.96,3347407.64,21.07
551,2020-06-28,21.7,21.22,21.07,200943.38,4275521.53,21.28
552,2020-06-29,21.1,20.81,21.28,200808.75,4217024.23,21.0
553,2020-06-30,21.82,21.31,21.0,196714.52,4233350.29,21.52
554,2020-07-01,21.27,20.72,21.52,163970.53,3417975.73,20.85
555,2020-07-02,21.39,21.19,20.85,111127.75,2368894.89,21.32
556,2020-07-03,21.22,21.03,21.32,100165.6,2112966.57,21.09
557,2020-07-04,21.19,20.91,21.09,138919.42,2923058.67,21.04
558,2020-07-05,22.51,21.59,21.04,193345.91,4280510.78,22.14
559,2020-07-06,22.99,21.83,22.14,226552.6,5154110.62,22.75
560,2020-07-07,24.05,23.12,22.75,323706.72,7568330.44,23.38
561,2020-07-08,23.45,22.59,23.38,128119.52,2929931.42,22.87
562,2020-07-09,23.62,22.57,22.87,156437.41,3669661.61,23.46
563,2020-07-10,23.98,23.21,23.46,250462.07,5991802.35,23.92
564,2020-07-11,25.47,24.19,23.92,221944.53,5504289.68,24.8
565,2020-07-12,25.38,23.92,24.8,269406.92,6743225.03,25.03
566,2020-07-13,25.6,24.36,25.03,244963.91,6034825.09,24.64
567,2020-07-14,24.46,23.73,24.64,145012.24,3476235.13,23.97
568,2020-07-15,23.6,22.88,23.97,119315.94,2786407.22,23.35
569,2020-07-16,23.77,23.14,23.35,103771.13,2415900.82,23.28
570,2020-07-17,23.65,23.16,23.28,136469.66,3184973.92,23.34
571,2020-07-18,25.09,23.43,23.34,242985.32,5961278.65,24.53
572,2020-07-19,25.04,23.94,24.53,184167.58,4453528.34,24.18
573,2020-07-20,24.99,23.92,24.18,158292.01,3815651.41,24.11
574,2020-07-21,26.23,24.26,24.11,151936.9,3743901.83,24.64
575,2020-07-22,25.93,24.52,24.64,217991.85,5521927.38,25.33
576,2020-07-23,26.38,25.38,25.33,278612.95,7262437.99,26.07
577,2020-07-24,29.06,26.69,26.07,302219.13,8100008.7,26.8
578,2020-07-25,27.7,26.27,26.8,266900.05,7098781.6,26.6
579,2020-07-26,27.5,25.22,26.6,423513.28,11317913.5,26.72
580,2020-07-27,27.96,26.23,26.72,209871.25,5757532.4,27.43
581,2020-07-28,27.93,26.72,27.43,129158.31,3495831.11,27.07
582,2020-07-29,28.57,26.7,27.07,149374.89,4044592.59,27.08
583,2020-07-30,29.31,27.71,27.08,248180.89,6964569.85,28.06
584,2020-07-31,31.52,28.57,28.06,297071.97,8691782.79,29.26
585,2020-08-01,29.34,26.83,29.26,288831.8,8210878.84,28.43
586,2020-08-02,30.48,28.87,28.43,306867.26,9227087.8,30.07
587,2020-08-03,30.52,29.49,30.07,259600.55,7896481.76,30.42
588,2020-08-04,32.49,30.92,30.42,465739.72,14650641.4,31.46
589,2020-08-05,31.46,30.89,31.46,203553.92,6308156.23,30.99
590,2020-08-06,30.82,28.48,30.99,326196.42,9876039.66,30.28
591,2020-08-07,31.63,30.83,30.28,296711.07,9221209.75,31.08
592,2020-08-08,30.72,30.21,31.08,212523.0,6478810.9,30.49
593,2020-08-09,34.22,29.8,30.49,274714.76,8282624.91,30.15
594,2020-08-10,29.16,27.96,30.15,291495.08,8273055.37,28.38
595,2020-08-11,29.83,28.61,28.38,289306.79,8317853.21,28.75
596,2020-08-12,31.47,28.42,28.75,399941.67,11603169.68,29.01
597,2020-08-13,31.97,29.4,29.01,585852.1,18036544.71,30.79
598,2020-08-14,31.37,30.24,30.79,277482.37,8544923.91,30.79
599,2020-08-15,31.99,30.67,30.79,177117.92,5562465.68,31.41
600,2020-08-16,31.44,30.15,31.41,294737.91,9237207.3,31.34
601,2020-08-17,33.01,30.18,31.34,225815.9,6911846.93,30.61
602,2020-08-18,30.23,29.18,30.61,203149.06,6042837.28,29.75
603,2020-08-19,31.57,30.21,29.75,250865.19,7733534.73,30.83
604,2020-08-20,30.29,28.52,30.83,208968.33,6151704.74,29.44
605,2020-08-21,30.17,29.56,29.44,149126.61,4431904.46,29.72
606,2020-08-22,29.61,28.94,29.72,144568.97,4219084.74,29.18
607,2020-08-23,31.05,29.9,29.18,213802.87,6462896.33,30.23
608,2020-08-24,29.12,28.21,30.23,188300.79,5377242.3,28.56
609,2020-08-25,30.12,28.74,28.56,260063.1,7704064.96,29.62
610,2020-08-26,30.83,29.2,29.62,185685.59,5703259.79,30.71
611,2020-08-27,32.07,30.44,30.71,162516.64,4996985.67,30.75
612,2020-08-28,31.27,30.43,30.75,159319.54,4881396.45,30.64
613,2020-08-29,32.95,31.43,30.64,141059.28,4437284.73,31.46
614,2020-08-30,32.69,30.62,31.46,169918.19,5228910.27,30.77
615,2020-08-31,33.79,30.77,30.77,642300.9,21088334.54,32.83
616,2020-09-01,33.6,30.25,32.83,761224.0,25010543.95,32.86
617,2020-09-02,29.73,27.39,32.86,481064.28,13190367.21,27.42
618,2020-09-03,28.41,26.88,27.42,201350.37,5641262.31,28.02
619,2020-09-04,31.67,29.05,28.02,346092.27,10878732.03,31.43
620,2020-09-05,31.38,26.72,31.43,864231.34,26738363.89,30.94
621,2020-09-06,31.06,29.06,30.94,291099.02,8690119.05,29.85
622,2020-09-07,31.07,28.3,29.85,130775.27,4063115.93,31.07
623,2020-09-08,33.11,31.0,31.07,209055.84,6821815.7,32.63
624,2020-09-09,34.34,31.81,32.63,183453.91,5994700.45,32.68
625,2020-09-10,34.32,31.91,32.68,171997.03,5838882.9,33.95
626,2020-09-11,38.7,34.76,33.95,385126.71,14484671.52,37.61
627,2020-09-12,41.78,35.31,37.61,477579.78,19669272.24,41.19
628,2020-09-13,44.65,39.24,41.19,466592.0,19165825.98,41.08
629,2020-09-14,39.85,35.36,41.08,388521.92,13908435.71,35.8
630,2020-09-15,37.51,35.06,35.8,224711.31,8261428.57,36.76
631,2020-09-16,39.5,34.62,36.76,300616.3,10725053.89,35.68
632,2020-09-17,37.49,34.99,35.68,206505.26,7516865.91,36.4
633,2020-09-18,37.08,35.65,36.4,93743.96,3367918.67,35.93
634,2020-09-19,35.08,33.3,35.93,112766.95,3921117.73,34.77
635,2020-09-20,32.37,30.14,34.77,126111.04,3883660.79,30.8
636,2020-09-21,32.71,30.5,30.8,207735.27,6606473.46,31.8
637,2020-09-22,30.44,28.93,31.8,131014.1,3968819.24,30.29
638,2020-09-23,34.35,31.97,30.29,140203.91,4560894.63,32.53
639,2020-09-24,33.4,32.11,32.53,98283.66,3193268.06,32.49
640,2020-09-25,35.07,32.6,32.49,113663.5,3940571.17,34.67
641,2020-09-26,35.51,34.2,34.67,107249.01,3720535.68,34.69
642,2020-09-27,35.92,33.87,34.69,142577.52,5076723.86,35.61
643,2020-09-28,38.94,36.17,35.61,157733.32,6007320.1,38.09
644,2020-09-29,39.56,37.9,38.09,127637.62,5005610.56,39.22
645,2020-09-30,38.17,35.26,39.22,140184.85,5106915.01,36.43
646,2020-10-01,36.9,35.31,36.43,93442.67,3401918.46,36.41
647,2020-10-02,37.74,36.14,36.41,82709.47,3103700.16,37.53
648,2020-10-03,39.21,38.06,37.53,83124.5,3213568.07,38.66
649,2020-10-04,39.0,37.52,38.66,67110.13,2546190.68,37.94
650,2020-10-05,37.45,36.11,37.94,119096.05,4400101.7,36.95
651,2020-10-06,37.14,35.96,36.95,75404.9,2772204.75,36.76
652,2020-10-07,37.57,35.98,36.76,71573.44,2617738.86,36.57
653,2020-10-08,39.95,36.99,36.57,76136.87,2838132.51,37.28
654,2020-10-09,38.19,36.83,37.28,87628.42,3269852.61,37.31
655,2020-10-10,37.92,37.06,37.31,58904.25,2213475.93,37.58
656,2020-10-11,42.19,38.66,37.58,162287.34,6542362.26,40.31
657,2020-10-12,41.32,39.46,40.31,157745.6,6369016.21,40.38
658,2020-10-13,40.98,39.88,40.38,96603.99,3928668.9,40.67
659,2020-10-14,41.98,40.52,40.67,103036.32,4267021.22,41.41
660,2020-10-15,40.69,39.2,41.41,119081.7,4723970.15,39.67
661,2020-10-16,40.34,39.63,39.67,61048.49,2435189.35,39.89
662,2020-10-17,41.79,40.42,39.89,83792.33,3391620.28,40.48
663,2020-10-18,40.7,39.37,40.48,78424.08,3091700.9,39.42
664,2020-10-19,38.64,36.3,39.42,112827.78,4270610.72,37.85
665,2020-10-20,40.66,38.46,37.85,124174.17,4879214.12,39.29
666,2020-10-21,42.93,39.5,39.29,110527.58,4474030.85,40.48
667,2020-10-22,40.43,39.79,40.48,99671.87,4021594.1,40.35
668,2020-10-23,40.65,39.94,40.35,49676.32,1996671.14,40.19
669,2020-10-24,40.21,39.28,40.19,61269.36,2431992.6,39.69
670,2020-10-25,41.59,37.6,39.69,140066.98,5761782.02,41.14
671,2020-10-26,42.98,40.49,41.14,111710.72,4648224.48,41.61
672,2020-10-27,41.08,38.94,41.61,38766.67,1509702.91,38.94
673,2020-10-28,40.26,38.76,38.94,55137.95,2192084.95,39.76
674,2020-10-29,39.94,37.49,39.76,131382.58,5010026.14,38.13
675,2020-10-30,38.67,37.61,38.13,57476.3,2186454.92,38.04
676,2020-10-31,39.08,37.65,38.04,53343.48,2028410.1,38.03
677,2020-11-01,38.08,36.23,38.03,57569.02,2121812.65,36.86
678,2020-11-02,36.91,34.7,36.86,52421.49,1847440.42,35.24
679,2020-11-03,36.78,34.48,35.24,56385.0,1991941.45,35.33
680,2020-11-04,37.51,35.87,35.33,38116.48,1380630.07,36.22
681,2020-11-05,40.1,37.65,36.22,50665.43,1922807.67,37.95
682,2020-11-06,36.99,35.39,37.95,50090.89,1818797.91,36.31
683,2020-11-07,38.02,36.69,36.31,32125.36,1190023.73,37.04
684,2020-11-08,36.83,36.1,37.04,31744.55,1162190.01,36.61
685,2020-11-09,37.47,36.55,36.61,39650.54,1464541.73,36.94
686,2020-11-10,38.07,35.92,36.94,102755.46,3762580.98,36.62
687,2020-11-11,37.51,36.24,36.62,61589.35,2252500.05,36.57
688,2020-11-12,38.76,36.94,36.57,81541.38,3034384.96,37.21
689,2020-11-13,37.23,36.14,37.21,54092.84,2008328.86,37.13
690,2020-11-14,36.84,35.76,37.13,70842.0,2591002.91,36.57
691,2020-11-15,37.67,36.48,36.57,79620.6,2933949.64,36.85
692,2020-11-16,39.42,37.41,36.85,91665.13,3454448.64,37.69
693,2020-11-17,37.86,35.9,37.69,94432.11,3488679.47,36.94
694,2020-11-18,37.18,36.15,36.94,64155.42,2380182.43,37.1
695,2020-11-19,39.98,37.54,37.1,111830.99,4239923.03,37.91
696,2020-11-20,41.61,39.92,37.91,97943.45,3913863.93,39.96
697,2020-11-21,41.53,38.48,39.96,92467.2,3631303.75,39.27
698,2020-11-22,43.71,39.77,39.27,193394.85,7825732.31,40.47
699,2020-11-23,44.85,24.97,40.47,313524.11,13882163.64,44.28
700,2020-11-24,46.24,40.84,44.28,117915.3,4830482.26,40.97
701,2020-11-25,39.02,35.98,40.97,121068.77,4462110.59,36.86
702,2020-11-26,37.56,36.35,36.86,53381.61,1981374.13,37.12
703,2020-11-27,39.66,37.73,37.12,54179.85,2074671.07,38.29
704,2020-11-28,41.36,39.22,38.29,50712.54,1995558.49,39.35
705,2020-11-29,42.07,40.59,39.35,74716.39,3052483.2,40.85
706,2020-11-30,40.28,38.07,40.85,119275.8,4694693.79,39.36
707,2020-12-01,40.4,39.08,39.36,83064.09,3288078.28,39.58
708,2020-12-02,40.79,39.16,39.58,59929.75,2381454.19,39.74
709,2020-12-03,37.42,36.31,39.74,67533.08,2524394.66,37.38
710,2020-12-04,39.11,37.85,37.38,65842.09,2506397.3,38.07
711,2020-12-05,38.66,37.54,38.07,52633.38,1989326.33,37.8
712,2020-12-06,37.91,37.17,37.8,52997.32,2000537.64,37.75
713,2020-12-07,35.77,34.88,37.75,61211.1,2183776.35,35.68
714,2020-12-08,37.56,35.92,35.68,75512.31,2736272.51,36.24
715,2020-12-09,35.89,35.07,36.24,51566.17,1834142.48,35.57
716,2020-12-10,35.12,34.43,35.57,49671.31,1742478.33,35.08
717,2020-12-11,36.68,35.77,35.08,36586.58,1320073.94,36.08
718,2020-12-12,37.68,36.96,36.08,39216.08,1458689.37,37.2
719,2020-12-13,38.7,36.69,37.2,83549.67,3216984.5,38.5
720,2020-12-14,38.56,37.18,38.5,75183.1,2819505.64,37.5
721,2020-12-15,41.12,39.13,37.5,76639.89,3007891.51,39.25
722,2020-12-16,39.7,38.02,39.25,116200.43,4489369.19,38.63
723,2020-12-17,40.2,38.95,38.63,55692.83,2215186.1,39.78
724,2020-12-18,43.51,39.68,39.78,167019.64,7100843.17,42.52
725,2020-12-19,44.02,40.49,42.52,132459.85,5701458.57,43.04
726,2020-12-20,43.46,41.04,43.04,105353.97,4375547.65,41.53
727,2020-12-21,44.96,42.36,41.53,110531.67,4781446.43,43.26
728,2020-12-22,41.39,39.39,43.26,104002.28,4176352.74,40.16
729,2020-12-23,43.54,41.62,40.16,74337.83,3117534.1,41.94
730,2020-12-24,43.45,42.13,41.94,62775.86,2689805.97,42.85
731,2020-12-25,44.42,42.27,42.85,67051.02,2900581.66,43.26
732,2020-12-26,46.8,42.27,43.26,142003.08,6121526.14,43.11
733,2020-12-27,47.03,44.74,43.11,118390.74,5486025.59,46.34
734,2020-12-28,53.43,46.02,46.34,208369.97,10472813.01,50.26
735,2020-12-29,51.3,47.44,50.26,104142.64,5066783.57,48.65
736,2020-12-30,47.71,46.43,48.65,81841.65,3877747.61,47.38
737,2020-12-31,48.56,46.1,47.38,84393.96,4004841.65,47.45
738,2021-01-01,49.21,45.77,47.45,112563.62,5276469.94,46.88
739,2021-01-02,60.33,48.11,46.88,317835.49,16120396.17,50.72
740,2021-01-03,56.38,47.49,50.72,281748.66,14256895.92,50.6
741,2021-01-04,54.14,49.19,50.6,156039.64,8033234.26,51.48
742,2021-01-05,55.35,49.62,51.48,181131.4,9112457.3,50.31
743,2021-01-06,57.67,52.94,50.31,190054.84,10470924.12,55.09
744,2021-01-07,58.82,52.06,55.09,237188.7,12739233.35,53.71
745,2021-01-08,58.38,54.79,53.71,119305.33,6676129.7,55.96
746,2021-01-09,55.67,51.72,55.96,162518.78,8677585.76,53.39
747,2021-01-10,54.5,46.97,53.39,368755.4,18067668.64,49.0
748,2021-01-11,49.18,45.84,49.0,129624.84,6304163.74,48.63
749,2021-01-12,54.19,50.98,48.63,124384.85,6377429.78,51.27
750,2021-01-13,56.85,51.91,51.27,105338.56,5541922.74,52.61
751,2021-01-14,53.77,49.73,52.61,140593.27,7297630.67,51.91
752,2021-01-15,56.13,52.77,51.91,123218.83,6793859.33,55.14
753,2021-01-16,59.78,54.05,55.14,166648.26,9796550.9,58.79
754,2021-01-17,61.4,57.02,58.79,126310.07,7301456.48,57.81
755,2021-01-18,63.33,52.54,57.81,324168.95,17576001.74,54.22
756,2021-01-19,56.84,52.65,54.22,140063.7,7548341.38,53.89
757,2021-01-20,49.97,43.56,53.89,167713.08,8264689.99,49.28
758,2021-01-21,55.76,50.7,49.28,174792.9,9104021.25,52.08
759,2021-01-22,52.33,50.46,52.08,100713.4,5228866.54,51.92
760,2021-01-23,58.74,52.94,51.92,137434.88,7307636.73,53.17
761,2021-01-24,53.39,48.65,53.17,206888.78,11045342.21,53.39
762,2021-01-25,55.28,52.13,53.39,150568.39,7929108.11,52.66
763,2021-01-26,52.8,48.39,52.66,226097.16,11855815.95,52.44
764,2021-01-27,56.79,53.33,52.44,185595.17,10173956.01,54.82
765,2021-01-28,57.85,53.41,54.82,220951.22,12108887.13,54.8
766,2021-01-29,61.34,54.27,54.8,164902.76,9507045.09,57.65
767,2021-01-30,57.59,54.82,57.65,149038.45,8517796.7,57.15
768,2021-01-31,67.85,59.03,57.15,302001.47,19991642.65,66.2
769,2021-02-01,72.59,62.88,66.2,356356.39,23232129.22,65.19
770,2021-02-02,72.68,66.13,65.19,277698.88,18446003.17,66.42
771,2021-02-03,72.34,63.97,66.42,251530.98,18117844.81,72.03
772,2021-02-04,87.94,74.77,72.03,386816.88,33422303.2,86.4
773,2021-02-05,96.46,79.22,86.4,471409.78,44074159.03,93.49
774,2021-02-06,91.86,87.18,93.49,247683.41,21752014.79,87.82
775,2021-02-07,102.41,92.25,87.82,330345.13,33550495.84,101.56
776,2021-02-08,149.68,101.45,101.56,639034.03,87190745.82,136.44
777,2021-02-09,183.3,134.75,136.44,803841.49,131912708.88,164.1
778,2021-02-10,171.25,151.26,164.1,262123.13,41189900.31,157.14
779,2021-02-11,187.16,158.82,157.14,304674.32,52838048.19,173.42
780,2021-02-12,173.48,162.46,173.42,175941.42,29978719.64,170.39
781,2021-02-13,176.22,160.23,170.39,226926.7,39472768.46,173.95
782,2021-02-14,177.63,157.95,173.95,204245.47,33752922.56,165.26
783,2021-02-15,168.39,162.03,165.26,153808.1,25477361.6,165.64
784,2021-02-16,226.66,169.0,165.64,514371.27,107833782.18,209.64
785,2021-02-17,255.83,211.06,209.64,570582.96,141078019.38,247.25
786,2021-02-18,450.28,249.85,247.25,1133281.29,478770277.18,422.46
787,2021-02-19,415.87,291.5,422.46,659397.1,212397042.84,322.11
788,2021-02-20,387.61,321.42,322.11,442592.64,164526413.77,371.73
789,2021-02-21,350.7,301.92,371.73,362075.78,122339946.32,337.88
790,2021-02-22,299.71,267.6,337.88,366896.88,106835473.02,291.19
791,2021-02-23,336.06,288.08,291.19,390447.72,124756384.55,319.52
792,2021-02-24,302.68,281.67,319.52,170316.85,50656887.31,297.43
793,2021-02-25,295.22,271.75,297.43,184998.46,52529948.64,283.95
794,2021-02-26,293.07,278.12,283.95,134723.67,38904331.35,288.77
795,2021-02-27,286.44,263.83,288.77,166631.15,44685125.57,268.17
796,2021-02-28,336.91,295.24,268.17,244874.84,79327663.56,323.95
797,2021-03-01,316.11,295.26,323.95,118689.27,36565167.42,308.07
798,2021-03-02,322.33,302.92,308.07,110917.54,34042942.93,306.92
799,2021-03-03,306.73,290.11,306.92,114613.85,33475213.3,292.07
800,2021-03-04,297.78,284.58,292.07,113321.41,32447480.81,286.33
801,2021-03-05,310.7,282.37,286.33,136679.32,39311616.9,287.62
802,2021-03-06,317.9,295.85,287.62,158870.5,48112178.11,302.84
803,2021-03-07,324.3,302.7,302.84,144529.42,44051036.36,304.79
804,2021-03-08,384.39,305.76,304.79,409022.68,151894832.6,371.36
805,2021-03-09,363.0,340.63,371.36,213464.5,75636739.67,354.33
806,2021-03-10,398.76,355.19,354.33,251485.38,91631433.86,364.36
807,2021-03-11,357.97,317.18,364.36,237653.35,78435070.76,330.04
808,2021-03-12,365.5,342.5,330.04,139252.52,47894604.75,343.94
809,2021-03-13,335.52,327.2,343.94,100834.43,33249113.08,329.74
810,2021-03-14,326.11,314.01,329.74,129407.14,41128254.1,317.82
811,2021-03-15,324.41,311.58,317.82,113992.76,36697872.76,321.93
812,2021-03-16,336.91,318.86,321.93,123826.5,41327784.96,333.76
813,2021-03-17,341.2,323.76,333.76,116708.82,38359711.41,328.68
814,2021-03-18,340.22,328.42,328.68,78690.75,25986596.03,330.24
815,2021-03-19,337.56,325.54,330.24,90941.92,30224271.56,332.35
816,2021-03-20,335.6,327.3,332.35,72617.83,24174890.98,332.91
817,2021-03-21,328.71,313.06,332.91,117246.24,37622552.92,320.88
818,2021-03-22,325.92,317.05,320.88,107427.55,34694971.28,322.96
819,2021-03-23,318.14,302.37,322.96,134507.91,42174690.87,313.55
820,2021-03-24,315.62,290.32,313.55,151824.05,44992579.28,296.35
821,2021-03-25,331.63,315.33,296.35,98362.12,31670587.2,321.98
822,2021-03-26,348.0,321.47,321.98,118876.39,40645400.25,341.91
823,2021-03-27,346.52,331.27,341.91,133969.2,45174404.59,337.2
824,2021-03-28,368.32,340.04,337.2,130881.26,45250949.13,345.74
825,2021-03-29,393.16,349.71,345.74,184406.77,72502281.09,393.16
826,2021-03-30,411.9,367.63,393.16,174391.54,66167344.26,379.42
827,2021-03-31,423.78,385.3,379.42,184246.19,77307374.48,419.59
828,2021-04-01,486.44,419.55,419.59,257312.76,109126350.52,424.1
829,2021-04-02,418.57,396.12,424.1,157253.18,63521021.88,403.94
830,2021-04-03,447.4,416.0,403.94,135202.74,59569882.16,440.6
831,2021-04-04,477.12,438.68,440.6,182452.2,83977798.1,460.27
832,2021-04-05,515.72,455.24,460.27,202611.4,102556098.43,506.17
833,2021-04-06,489.64,449.71,506.17,217707.2,103358679.85,474.76
834,2021-04-07,540.79,498.38,474.76,143077.49,75239845.47,525.87
835,2021-04-08,569.16,505.86,525.87,159473.0,90723726.43,568.9
836,2021-04-09,614.88,555.8,568.9,214877.48,125748555.15,585.21
837,2021-04-10,664.66,577.91,585.21,172271.37,113342248.19,657.93
838,2021-04-11,787.02,647.28,657.93,354979.24,266855214.86,751.75
839,2021-04-12,808.63,688.33,751.75,300202.89,207245600.67,690.35
840,2021-04-13,755.0,667.37,690.35,186991.56,128025120.14,684.66
841,2021-04-14,716.44,674.37,684.66,149086.11,101670770.73,681.96
842,2021-04-15,681.71,634.04,681.96,218652.85,139364088.32,637.38
843,2021-04-16,649.57,602.27,637.38,120211.63,77910241.71,648.11
844,2021-04-17,650.3,589.7,648.11,169229.35,102215699.48,604.01
845,2021-04-18,648.55,578.64,604.01,203557.92,129138014.86,634.4
846,2021-04-19,758.55,672.63,634.4,223164.91,165472263.91,741.48
847,2021-04-20,778.78,673.98,741.48,229889.95,156433346.46,680.47
848,2021-04-21,697.33,620.32,680.47,339795.29,215380272.11,633.85
849,2021-04-22,677.39,606.01,633.85,239053.04,157613261.2,659.32
850,2021-04-23,636.56,613.75,659.32,84934.11,52955292.04,623.49
851,2021-04-24,651.16,628.3,623.49,91294.86,57440073.8,629.17
852,2021-04-25,696.1,650.61,629.17,129224.99,85696803.79,663.16
853,2021-04-26,749.26,694.92,663.16,141525.24,100130396.59,707.51
854,2021-04-27,729.04,687.74,707.51,136788.57,94816356.43,693.16
855,2021-04-28,746.18,691.18,693.16,181453.11,134164150.48,739.39
856,2021-04-29,776.47,734.71,739.39,172047.69,132294833.51,768.94
857,2021-04-30,825.7,760.82,768.94,126150.93,96206289.98,762.63
858,2021-05-01,778.91,747.42,762.63,116201.13,88701938.76,763.35
859,2021-05-02,895.38,801.46,763.35,229145.92,190214130.62,830.1
860,2021-05-03,801.82,731.34,830.1,222539.73,168487856.12,757.11
861,2021-05-04,848.96,785.39,757.11,137222.8,109671876.96,799.22
862,2021-05-05,833.16,751.03,799.22,128968.15,99658234.34,772.74
863,2021-05-06,783.98,752.59,770.9,384867.89,292332169.82,759.56
864,2021-05-07,851.68,774.42,759.47,160954.48,126019927.54,782.95
865,2021-05-08,829.97,768.79,782.95,214978.84,171900849.9,799.62
866,2021-05-09,850.32,756.97,799.62,223466.11,171952428.58,769.48
867,2021-05-10,846.5,803.62,769.48,223928.8,181760906.73,811.69
868,2021-05-11,732.46,676.57,811.69,235062.24,164544844.86,700.01
869,2021-05-12,719.72,665.4,700.01,268625.24,186647234.21,694.82
870,2021-05-13,767.64,725.05,694.82,145333.82,106381376.9,731.98
871,2021-05-14,685.45,650.05,731.98,130207.67,88963097.83,683.24
872,2021-05-15,703.36,650.15,683.24,139315.73,94614393.09,679.14
873,2021-05-16,637.25,604.18,679.29,399502.0,246822634.32,617.83
874,2021-05-17,642.17,605.77,617.03,151485.22,93314086.89,615.99
875,2021-05-18,456.35,405.58,615.99,388827.27,160503259.12,412.79
876,2021-05-19,478.02,437.76,412.79,343975.52,162925862.52,473.66
877,2021-05-20,426.63,379.13,473.66,296161.5,117176689.0,395.65
878,2021-05-21,377.38,360.47,395.65,190793.96,69039617.7,361.85
879,2021-05-22,340.33,302.66,361.85,296801.61,94698226.59,319.06
880,2021-05-23,420.29,348.83,317.03,1068604.73,446769421.67,418.09
881,2021-05-24,441.05,388.13,418.09,833796.39,346632967.55,415.73
882,2021-05-25,459.24,421.02,415.73,624578.86,286654145.95,458.96
883,2021-05-26,447.81,422.33,458.96,571122.28,253610354.62,444.06
884,2021-05-27,412.94,381.92,444.06,1095698.08,433747053.57,395.86
885,2021-05-28,394.78,364.51,395.86,566443.67,207937848.59,367.09
886,2021-05-29,403.58,375.91,367.09,662724.88,261342372.84,394.35
887,2021-05-30,426.39,400.65,394.35,588831.17,250622261.74,425.63
888,2021-05-31,439.56,417.26,425.63,461378.46,202453321.03,438.8
889,2021-06-01,496.14,439.62,438.8,543295.6,261952645.69,482.15
890,2021-06-02,522.02,498.74,482.15,380775.23,197324834.1,518.22
891,2021-06-03,488.04,449.64,518.22,465240.52,220198617.26,473.3
892,2021-06-04,484.78,455.93,473.3,348209.91,164607381.79,472.72
893,2021-06-05,478.95,465.08,472.72,192065.44,91574235.8,476.79
894,2021-06-06,449.27,425.82,476.79,315519.64,136013317.15,431.08
895,2021-06-07,435.31,411.93,431.08,423562.91,180453139.8,426.04
896,2021-06-08,477.68,449.42,426.04,373127.86,169306677.48,453.75
897,2021-06-09,444.84,421.94,453.75,301683.24,128011117.26,424.32
898,2021-06-10,442.12,416.71,424.32,301359.88,126232423.93,418.88
899,2021-06-11,417.19,394.2,418.88,250423.65,104129898.94,415.81
900,2021-06-12,463.86,436.93,415.81,232832.67,104061094.3,446.94
901,2021-06-13,461.57,439.94,446.94,279627.01,125282364.03,448.03
902,2021-06-14,460.87,443.55,448.03,214693.24,96165306.46,447.92
903,2021-06-15,428.82,418.45,447.92,196127.91,83367377.24,425.07
904,2021-06-16,437.29,425.18,425.07,169036.16,73798926.95,436.59
905,2021-06-17,423.11,410.5,436.59,203518.36,85747381.25,421.33
906,2021-06-18,421.33,413.53,421.33,135131.65,56083420.79,415.03
907,2021-06-19,422.61,410.2,415.03,185139.61,77898851.68,420.76
908,2021-06-20,377.06,331.96,420.76,349706.14,116592091.17,333.4
909,2021-06-21,352.89,313.75,333.4,586580.14,189496480.72,323.05
910,2021-06-22,368.26,327.56,323.05,429789.71,156177400.74,363.38
911,2021-06-23,391.78,369.68,363.38,321578.12,121839213.25,378.88
912,2021-06-24,347.65,330.11,378.88,275859.16,94962334.37,344.24
913,2021-06-25,354.37,339.1,344.24,210950.05,72350550.36,342.97
914,2021-06-26,381.63,351.22,342.97,234640.85,84084054.95,358.35
915,2021-06-27,364.75,350.77,358.35,261129.75,93056166.77,356.36
916,2021-06-28,386.71,371.65,356.36,278756.18,104059416.81,373.3
917,2021-06-29,377.76,359.04,373.3,220798.39,83273707.7,377.15
918,2021-06-30,361.34,354.35,377.15,162362.23,57952180.42,356.93
919,2021-07-01,359.25,350.73,356.93,154115.8,54683685.55,354.82
920,2021-07-02,372.7,362.72,354.82,147947.48,54518933.13,368.5
921,2021-07-03,383.32,369.01,368.5,187265.41,70840728.73,378.29
922,2021-07-04,373.02,359.71,378.29,190222.3,70680702.71,371.57
923,2021-07-05,401.26,379.47,371.57,285378.63,113575077.48,397.98
924,2021-07-06,411.83,393.25,397.98,291339.65,118804215.66,407.79
925,2021-07-07,401.7,387.41,407.79,237891.34,92769822.6,389.97
926,2021-07-08,396.27,388.76,389.97,164038.42,64494374.21,393.17
927,2021-07-09,395.12,386.97,393.17,137483.9,54236937.16,394.5
928,2021-07-10,407.85,397.44,394.5,149467.86,59703372.35,399.44
929,2021-07-11,399.24,385.79,399.44,208107.48,81697804.44,392.58
930,2021-07-12,391.48,383.76,392.58,148384.69,57217373.18,385.6
931,2021-07-13,392.26,378.13,385.6,201585.77,78260081.85,388.22
932,2021-07-14,404.54,371.28,388.22,354345.77,140457720.54,396.39
933,2021-07-15,399.06,376.42,396.39,230314.23,87667273.52,380.64
934,2021-07-16,386.88,375.59,380.64,138581.89,52680626.08,380.14
935,2021-07-17,388.57,379.13,380.14,150056.91,57029324.31,380.05
936,2021-07-18,375.67,357.86,380.05,191491.83,68633450.2,358.41
937,2021-07-19,344.64,327.51,358.41,260353.29,87012095.64,334.21
938,2021-07-20,370.89,356.09,334.21,205796.24,75500288.25,366.87
939,2021-07-21,375.68,365.84,366.87,161579.57,59749468.78,369.78
940,2021-07-22,389.04,369.03,369.78,240455.05,89969230.31,374.16
941,2021-07-23,386.85,375.61,374.16,168954.23,63816788.13,377.72
942,2021-07-24,393.13,380.71,377.72,165611.78,63056629.58,380.75
943,2021-07-25,403.44,372.82,380.75,361978.78,138708968.96,383.2
944,2021-07-26,412.5,393.91,383.2,208280.47,82054288.09,393.96
945,2021-07-27,401.65,389.8,393.96,206519.26,81361738.39,393.97
946,2021-07-28,396.95,388.41,393.97,139628.16,55229552.39,395.55
947,2021-07-29,428.72,403.12,395.55,205350.06,82844771.75,403.43
948,2021-07-30,419.22,396.33,403.43,223259.22,92957033.38,416.36
949,2021-07-31,415.31,396.83,416.36,190816.5,78888887.94,413.43
950,2021-08-01,414.62,403.01,413.43,156562.51,64532596.97,412.18
951,2021-08-02,404.41,398.11,412.18,144273.95,58276920.16,403.93
952,2021-08-03,423.59,416.88,403.93,115832.41,48484364.27,418.57
953,2021-08-04,444.5,420.7,418.57,214931.61,91003824.94,423.41
954,2021-08-05,452.17,428.53,423.41,223427.69,96154077.26,430.36
955,2021-08-06,453.82,444.24,430.36,220459.01,98145110.92,445.19
956,2021-08-07,440.63,424.98,445.19,146837.55,62935597.4,428.61
957,2021-08-08,458.16,443.31,428.61,164387.32,73027060.3,444.24
958,2021-08-09,467.78,433.78,444.24,255254.08,118415908.19,463.91
959,2021-08-10,500.29,466.76,463.91,275411.28,135358386.64,491.48
960,2021-08-11,488.33,466.65,491.48,230331.35,110868786.68,481.34
961,2021-08-12,530.85,506.98,481.34,207844.45,107155799.7,515.56
962,2021-08-13,515.39,499.61,515.56,189518.77,96552770.52,509.46
963,2021-08-14,520.31,507.92,509.46,170910.74,88897136.62,520.14
964,2021-08-15,531.66,499.31,520.14,299359.43,156159503.05,521.65
965,2021-08-16,521.32,504.56,521.65,246830.91,124776688.58,505.51
966,2021-08-17,511.09,491.61,505.51,214887.01,107593900.19,500.7
967,2021-08-18,569.56,528.35,500.7,295060.27,162724607.37,551.5
968,2021-08-19,590.29,572.16,551.5,242904.72,141967425.4,584.46
969,2021-08-20,587.22,567.12,584.46,217434.18,124722512.03,573.61
970,2021-08-21,589.8,573.77,573.61,169341.51,97731619.66,577.13
971,2021-08-22,644.95,569.78,577.13,450688.85,285577526.51,633.65
972,2021-08-23,608.06,578.71,633.65,248582.01,147252109.24,592.37
973,2021-08-24,643.01,610.8,592.37,294091.66,186741485.43,634.98
974,2021-08-25,628.76,604.9,634.98,314757.84,191711676.94,609.08
975,2021-08-26,633.46,618.04,609.08,207527.52,129027290.99,621.74
976,2021-08-27,623.43,612.51,621.74,126457.16,77604379.73,613.68
977,2021-08-28,621.68,603.43,613.68,163809.46,99392774.58,606.76
978,2021-08-29,589.27,575.52,606.76,207918.2,120089657.3,577.58
979,2021-08-30,595.04,576.21,577.58,268264.33,157421517.4,586.81
980,2021-08-31,623.37,599.23,586.81,258913.84,159489697.77,616.0
981,2021-09-01,637.83,601.84,616.0,281005.72,171125268.67,608.97
982,2021-09-02,625.48,607.15,608.97,235885.18,144654939.19,613.24
983,2021-09-03,636.09,608.64,613.24,285942.81,178605207.35,624.62
984,2021-09-04,673.41,613.94,624.62,243425.84,154210634.85,633.5
985,2021-09-05,645.37,618.08,633.5,249976.79,154850253.69,619.46
986,2021-09-06,569.36,500.82,619.46,642314.8,340359507.5,529.9
987,2021-09-07,529.68,502.17,529.9,354698.0,186243712.26,525.08
988,2021-09-08,541.19,517.3,525.08,276194.77,146885740.06,531.82
989,2021-09-09,531.07,498.67,531.82,281320.56,142873185.36,507.87
990,2021-09-10,519.35,508.78,507.87,162976.1,83514923.74,512.44
991,2021-09-11,535.19,520.43,512.44,188447.63,99839423.97,529.8
992,2021-09-12,517.18,499.97,529.8,239802.55,121383687.56,506.18
993,2021-09-13,529.54,514.29,506.18,240015.62,125739000.34,523.88
994,2021-09-14,549.91,527.93,523.88,237854.54,128997879.84,542.34
995,2021-09-15,543.14,531.61,542.34,201087.7,107835319.7,536.26
996,2021-09-16,535.06,513.28,536.26,222019.01,114853765.53,517.32
997,2021-09-17,531.7,522.67,517.32,175202.07,91615372.5,522.91
998,2021-09-18,532.07,513.08,522.91,145653.81,76168397.58,522.94
999,2021-09-19,475.64,458.4,522.94,237551.06,110367132.87,464.6
1000,2021-09-20,450.32,437.26,464.6,218508.92,96159145.13,440.07
1001,2021-09-21,486.3,464.37,440.07,212736.29,102803252.18,483.24
1002,2021-09-22,493.24,481.4,483.24,186993.17,90558975.58,484.29
1003,2021-09-23,465.46,442.22,484.29,275286.82,124008776.79,450.47
1004,2021-09-24,453.26,439.48,450.47,187410.96,82666356.75,441.1
1005,2021-09-25,449.67,425.6,441.1,332210.55,145159407.62,436.95
1006,2021-09-26,428.81,418.61,436.95,162050.29,68481482.2,422.59
1007,2021-09-27,427.13,414.09,422.59,170541.14,72238056.53,423.58
1008,2021-09-28,471.75,427.73,423.58,382620.16,179870401.64,470.1
1009,2021-09-29,499.02,480.56,470.1,240957.51,118764022.64,492.88
1010,2021-09-30,551.03,527.7,492.88,272754.83,145815758.6,534.6
1011,2021-10-01,546.59,519.51,534.6,199912.79,107648962.01,538.48
1012,2021-10-02,553.46,539.91,538.48,160113.8,87287678.17,545.16
1013,2021-10-03,550.06,530.17,545.16,203419.35,108498229.28,533.37
1014,2021-10-04,570.09,549.47,533.37,204084.1,113006120.48,553.72
1015,2021-10-05,564.34,540.14,554.08,62245.63,33956100.13,545.52
1016,2021-10-06,567.54,545.85,550.65,54537.31,30089582.25,551.72
1017,2021-10-07,551.2,514.14,551.07,310863.44,162933062.09,524.13
1018,2021-10-08,538.42,525.23,524.13,148810.74,78497058.09,527.5
1019,2021-10-09,522.81,503.0,527.5,189476.26,95358076.47,503.27
1020,2021-10-10,538.5,509.8,503.27,220523.21,114041268.67,517.14
1021,2021-10-11,559.1,483.58,517.14,540044.83,299786021.31,555.11
1022,2021-10-12,607.23,559.79,555.11,844549.14,492769950.64,583.47
1023,2021-10-13,595.46,562.17,583.47,367960.03,215729572.21,586.29
1024,2021-10-14,630.34,579.71,586.29,430625.16,253294310.52,588.2
1025,2021-10-15,590.61,568.93,588.2,234119.27,134321561.09,573.73
1026,2021-10-16,592.55,577.98,573.73,165158.43,96440648.07,583.93
1027,2021-10-17,607.34,580.4,583.93,228217.59,137376581.11,601.95
1028,2021-10-18,636.87,597.05,601.95,245700.59,148594021.34,604.78
1029,2021-10-19,619.42,602.88,604.78,238685.02,146858710.99,615.28
1030,2021-10-20,593.56,569.85,615.28,320445.15,186244950.54,581.21
1031,2021-10-21,596.79,564.94,581.21,253988.52,149905859.48,590.21
1032,2021-10-22,598.72,589.28,590.21,136587.06,81694881.73,598.12
1033,2021-10-23,595.81,582.61,598.12,124848.37,73225085.33,586.51
1034,2021-10-24,612.75,598.82,586.51,143211.97,86173380.91,601.72
1035,2021-10-25,593.66,572.07,601.72,154680.09,91297644.72,590.24
1036,2021-10-26,577.98,547.6,590.24,260394.02,144971431.72,556.74
1037,2021-10-27,620.41,576.07,556.74,351176.47,214026229.07,609.45
1038,2021-10-28,661.3,620.85,609.45,323761.55,213176048.19,658.44
1039,2021-10-29,668.92,644.93,658.44,246573.12,161905267.79,656.62
1040,2021-10-30,663.28,643.25,656.62,227272.56,148149839.52,651.86
1041,2021-10-31,680.46,634.75,651.86,283288.79,192724781.03,680.31
1042,2021-11-01,711.92,675.65,680.31,282953.46,195205777.41,689.89
1043,2021-11-02,708.24,676.0,689.89,267532.68,188641497.0,705.12
1044,2021-11-03,699.79,683.53,705.12,244107.34,170468836.75,698.34
1045,2021-11-04,764.93,688.13,698.34,458722.66,346129912.9,754.55
1046,2021-11-05,791.67,754.26,754.55,302875.03,239777063.52,791.67
1047,2021-11-06,850.73,802.03,791.67,343041.11,276746051.9,806.74
1048,2021-11-07,860.24,800.44,806.74,413352.36,335120990.64,810.74
1049,2021-11-08,805.01,774.81,810.74,276097.86,217266977.55,786.92
1050,2021-11-09,800.51,738.88,786.92,392015.08,301795598.8,769.86
1051,2021-11-10,800.45,771.65,769.86,248491.2,197237531.59,793.74
1052,2021-11-11,790.21,774.87,793.74,179869.05,141930848.88,789.08
1053,2021-11-12,818.47,785.36,789.08,227918.26,185258389.48,812.83
1054,2021-11-13,841.34,810.04,812.83,189186.48,153962407.26,813.81
1055,2021-11-14,793.91,775.03,813.81,192989.69,152435690.25,789.86
1056,2021-11-15,771.02,717.99,789.86,355030.46,262594219.65,739.64
1057,2021-11-16,739.68,709.18,739.64,233802.45,168607110.63,721.15
1058,2021-11-17,698.36,656.4,721.15,265602.55,178643610.39,672.6
1059,2021-11-18,742.92,681.22,672.6,257852.38,188922519.85,732.68
1060,2021-11-19,766.32,750.87,732.68,176586.94,135322085.71,766.32
1061,2021-11-20,749.48,730.04,766.32,179807.66,132423077.94,736.47
1062,2021-11-21,714.5,696.85,736.47,181162.04,127668617.1,704.72
1063,2021-11-22,761.27,718.78,704.72,273853.64,203909523.96,744.59
1064,2021-11-23,755.53,736.76,744.59,183757.03,136976759.44,745.42
1065,2021-11-24,827.47,769.11,745.42,338754.14,274731487.08,811.01
1066,2021-11-25,774.96,709.52,811.01,438315.47,330016263.94,752.92
1067,2021-11-26,793.7,757.17,752.92,237766.68,183036239.78,769.81
1068,2021-11-27,803.57,775.91,769.81,233061.3,181173062.71,777.36
1069,2021-11-28,801.41,772.03,777.36,212508.58,168434014.94,792.6
1070,2021-11-29,800.67,780.28,792.6,186736.84,148699140.0,796.3
1071,2021-11-30,832.92,796.36,796.3,243594.41,195413896.27,802.21
1072,2021-12-01,805.11,786.23,802.21,158286.49,126173605.14,797.12
1073,2021-12-02,770.79,747.29,797.12,174247.71,133706677.41,767.34
1074,2021-12-03,741.73,680.55,767.34,436538.43,318562749.76,729.75
1075,2021-12-04,746.06,707.96,729.75,197418.14,141644135.26,717.48
1076,2021-12-05,759.32,713.6,717.48,307197.44,230492767.77,750.31
1077,2021-12-06,745.84,722.85,750.31,170724.13,124716056.79,730.51
1078,2021-12-07,766.69,721.44,730.51,209150.15,160352562.18,766.69
1079,2021-12-08,737.65,721.89,766.69,182440.08,132697595.15,727.35
1080,2021-12-09,722.42,699.08,727.35,163623.61,114777400.65,701.47
1081,2021-12-10,740.69,712.98,701.47,162596.25,117054067.97,719.91
1082,2021-12-11,734.38,717.21,719.91,117874.52,85365103.91,724.2
1083,2021-12-12,685.68,666.5,724.2,169572.23,113324195.36,668.29
1084,2021-12-13,705.16,676.48,668.29,191387.51,130304574.62,680.84
1085,2021-12-14,697.71,676.97,680.84,157859.24,109842912.04,695.83
1086,2021-12-15,679.85,661.02,695.83,123850.12,83070853.78,670.74
1087,2021-12-16,679.8,658.91,670.74,179643.18,122122163.67,679.8
1088,2021-12-17,692.72,678.87,679.8,110566.01,75925802.46,686.7
1089,2021-12-18,687.32,673.5,686.7,102640.66,69991510.48,681.91
1090,2021-12-19,691.07,674.65,681.91,126308.85,85752232.39,678.91
1091,2021-12-20,709.31,682.08,678.91,145070.37,99316618.42,684.61
1092,2021-12-21,697.9,674.74,684.61,113881.17,78265490.95,687.26
1093,2021-12-22,718.19,698.05,687.26,124820.08,87697947.76,702.59
1094,2021-12-23,706.22,692.53,702.59,128556.54,89448074.6,695.79
1095,2021-12-24,699.32,685.8,695.79,90724.84,63445767.22,699.32
1096,2021-12-25,711.51,699.77,699.32,126860.17,89103920.93,702.38
1097,2021-12-26,727.83,696.63,702.38,174473.71,126079389.49,722.63
1098,2021-12-27,688.08,674.04,722.63,187850.51,128797151.17,685.64
1099,2021-12-28,674.49,653.66,685.64,183680.91,121048338.7,659.01
1100,2021-12-29,665.91,652.72,659.01,152269.47,100393734.43,659.32
1101,2021-12-30,650.14,633.16,659.32,167842.11,108826429.03,648.39
1102,2021-12-31,672.62,660.52,648.39,159581.5,106661880.32,668.38
1103,2022-01-01,677.34,661.75,668.38,141275.8,95183812.46,673.74
1104,2022-01-02,670.45,653.24,673.74,165105.68,107952109.37,653.84
1105,2022-01-03,670.29,637.04,653.84,179659.19,115917466.14,645.21
1106,2022-01-04,614.78,597.61,645.21,219644.17,132721384.57,604.26
1107,2022-01-05,609.6,591.48,604.26,213519.09,128520432.39,601.92
1108,2022-01-06,576.82,558.27,601.53,49321.41,27872651.89,565.12
1109,2022-01-07,559.08,540.72,565.12,55863.58,30446508.05,545.02
1110,2022-01-08,556.97,549.41,545.02,38573.29,21376824.2,554.19
1111,2022-01-09,550.84,536.01,554.19,70765.98,38041652.58,537.57
1112,2022-01-10,593.17,559.34,537.57,63423.36,36974611.93,582.98
1113,2022-01-11,611.35,597.42,582.98,46670.8,28492849.35,610.51
1114,2022-01-12,594.9,578.7,610.51,40960.61,24334269.26,594.09
1115,2022-01-13,618.93,605.21,594.09,59242.41,36494507.99,616.02
1116,2022-01-14,627.22,615.07,616.02,31520.5,19651492.54,623.45
1117,2022-01-15,632.97,621.6,623.45,36450.97,22842167.44,626.65
1118,2022-01-16,599.25,582.79,626.65,37581.1,22339450.53,594.43
1119,2022-01-17,592.19,579.51,594.43,31947.47,18880989.56,591.0
1120,2022-01-18,587.71,573.01,591.0,38824.32,22487153.8,579.2
1121,2022-01-19,572.11,539.85,579.2,62890.04,34564588.61,549.6
1122,2022-01-20,493.36,467.29,549.6,96310.1,46337953.86,481.13
1123,2022-01-21,456.68,427.63,481.13,117105.35,52629359.34,449.42
1124,2022-01-22,494.8,472.81,449.42,74119.59,35705814.43,481.73
1125,2022-01-23,488.27,462.45,482.16,348237.6,162646816.27,467.06
1126,2022-01-24,486.7,465.81,467.06,243198.28,118136801.77,485.76
1127,2022-01-25,489.62,459.02,487.97,66142.26,31455204.08,475.57
1128,2022-01-26,516.58,461.45,475.57,74270.27,36811165.78,495.64
1129,2022-01-27,528.75,490.64,495.64,57802.26,28529305.69,493.57
1130,2022-01-28,511.68,491.42,493.57,36644.38,18202485.12,496.73
1131,2022-01-29,500.32,480.68,496.73,36899.12,17798143.6,482.35
1132,2022-01-30,508.12,475.98,482.35,42589.4,20300789.72,476.66
1133,2022-01-31,498.84,487.49,476.66,33722.6,16487139.46,488.9
1134,2022-02-01,470.46,463.89,488.61,167040.08,77926792.9,466.52
1135,2022-02-02,480.28,462.53,466.47,32311.85,15243065.61,471.75
1136,2022-02-03,531.99,508.66,471.58,215816.61,110224532.44,510.73
1137,2022-02-04,548.98,511.58,509.92,46558.89,24644439.31,529.32
1138,2022-02-05,543.05,532.5,529.32,21552.98,11569610.03,536.8
1139,2022-02-06,562.78,547.09,535.66,160304.24,88147348.24,549.88
1140,2022-02-07,550.21,519.25,549.89,43818.99,22753003.55,519.25
1141,2022-02-08,553.02,534.1,519.25,32411.51,17377535.71,536.15
1142,2022-02-09,530.55,509.39,536.15,48053.58,25438469.2,529.38
1143,2022-02-10,512.38,495.96,529.38,33498.03,17088815.5,510.14
1144,2022-02-11,515.28,503.78,510.14,39413.36,20206517.16,512.68
1145,2022-02-12,510.31,502.26,512.68,41392.43,21001857.45,507.38
1146,2022-02-13,516.69,505.91,507.38,22848.63,11703759.0,512.23
1147,2022-02-14,579.05,550.65,512.23,73404.33,40479485.54,551.46
1148,2022-02-15,553.89,538.78,551.46,39143.94,21292171.11,543.95
1149,2022-02-16,514.92,498.81,543.95,45422.86,23156407.6,509.8
1150,2022-02-17,510.92,491.72,509.8,36490.55,18630763.21,510.56
1151,2022-02-18,516.75,502.99,510.56,25227.5,12876053.23,510.4
1152,2022-02-19,491.26,477.87,510.4,26593.29,12939625.51,486.57
1153,2022-02-20,476.02,453.41,486.57,55375.0,25198486.72,455.05
1154,2022-02-21,480.81,463.64,455.05,39354.91,18802882.64,477.78
1155,2022-02-22,472.65,458.49,477.78,38138.01,17799884.84,466.72
1156,2022-02-23,479.44,450.18,466.72,84632.8,39169324.59,462.81
1157,2022-02-24,491.17,467.61,462.81,41293.76,19672531.02,476.4
1158,2022-02-25,481.15,467.73,476.4,35465.17,16838616.94,474.79
1159,2022-02-26,469.24,447.44,474.79,38326.94,17663150.97,460.85
1160,2022-02-27,526.89,491.81,460.1,196235.78,98194585.07,500.39
1161,2022-02-28,547.61,507.49,500.84,80881.07,42026207.16,519.6
1162,2022-03-01,522.76,506.38,519.6,47744.51,24674542.1,516.8
1163,2022-03-02,514.13,496.15,516.8,33106.15,16913624.45,510.89
1164,2022-03-03,481.24,469.67,509.94,156551.31,74651900.58,476.85
1165,2022-03-04,492.28,479.04,477.42,24604.76,12053906.03,489.9
1166,2022-03-05,478.74,466.38,489.9,22625.12,10831614.07,478.74
1167,2022-03-06,495.8,463.54,478.74,46546.74,22691418.73,487.5
1168,2022-03-07,499.51,489.25,487.65,148524.48,72865772.56,490.6
1169,2022-03-08,533.91,500.1,490.6,266918.11,134534306.24,504.03
1170,2022-03-09,486.36,466.04,504.32,135966.93,64589026.66,475.03
1171,2022-03-10,480.16,466.67,475.03,35235.88,16872417.67,478.84
1172,2022-03-11,483.72,475.78,478.84,24304.5,11644045.7,479.09
1173,2022-03-12,467.59,460.21,479.09,22917.78,10554297.95,460.53
1174,2022-03-13,478.15,469.56,460.53,27399.02,13055600.32,476.5
1175,2022-03-14,477.3,472.08,477.38,114399.19,54390360.7,475.44
1176,2022-03-15,495.4,480.05,475.44,193538.76,94666177.0,489.13
1177,2022-03-16,500.63,490.3,487.91,34143.69,16947444.04,496.36
1178,2022-03-17,520.2,498.99,496.36,44248.75,22227875.04,502.34
1179,2022-03-18,508.79,498.38,502.34,27804.55,14022601.64,504.33
1180,2022-03-19,495.21,485.48,504.33,24022.33,11826870.49,492.33
1181,2022-03-20,500.64,491.87,492.33,32996.44,16519262.82,500.64
1182,2022-03-21,514.93,504.12,498.52,166598.38,84695291.1,508.38
1183,2022-03-22,523.0,512.71,509.51,31899.29,16367200.84,513.09
1184,2022-03-23,528.3,517.01,513.09,34871.71,18110394.7,519.34
1185,2022-03-24,517.58,509.42,519.34,32331.83,16596127.5,513.31
1186,2022-03-25,522.83,516.54,513.31,17406.49,9052661.94,520.07
1187,2022-03-26,546.18,532.6,520.07,30069.44,16175838.32,537.95
1188,2022-03-27,546.6,536.7,538.1,149113.6,80204480.58,537.88
1189,2022-03-28,551.45,539.09,536.4,35635.94,19393394.78,544.21
1190,2022-03-29,558.7,536.72,544.21,33089.87,18263463.69,551.94
1191,2022-03-30,543.56,528.07,551.22,160943.87,86319260.91,536.33
1192,2022-03-31,559.29,540.32,536.33,180479.5,100918689.43,559.17
1193,2022-04-01,560.97,544.63,558.77,33895.86,18504341.63,545.92
1194,2022-04-02,564.05,551.55,546.56,127986.09,72190771.9,564.05
1195,2022-04-03,564.19,555.41,564.21,37084.37,20678542.72,557.61
1196,2022-04-04,556.93,540.35,557.61,36911.64,20478717.58,554.8
1197,2022-04-05,529.36,519.4,554.8,50357.44,26596938.5,528.16
1198,2022-04-06,552.4,538.17,528.16,31334.53,17207366.55,549.15
1199,2022-04-07,543.6,525.55,549.15,38782.33,20537682.37,529.56
1200,2022-04-08,541.27,527.46,529.56,21554.54,11465432.08,531.93
1201,2022-04-09,530.14,522.88,537.24,88174.72,46342808.4,525.58
1202,2022-04-10,499.18,488.29,525.58,138743.77,69146955.44,498.38
1203,2022-04-11,526.3,506.77,498.93,44190.04,23121912.75,523.24
1204,2022-04-12,542.26,523.67,522.9,142141.24,75536339.61,531.42
1205,2022-04-13,528.09,514.36,531.64,33437.65,17505079.24,523.51
1206,2022-04-14,532.34,525.43,523.51,27345.07,14399379.54,526.58
1207,2022-04-15,531.91,524.19,526.58,24391.29,12842171.63,526.51
1208,2022-04-16,520.39,512.8,526.51,22561.44,11646554.9,516.22
1209,2022-04-17,537.69,522.66,516.22,49747.07,26116008.17,524.98
1210,2022-04-18,543.66,528.51,524.13,121967.81,64843812.6,531.65
1211,2022-04-19,531.3,520.91,533.09,44498.84,23282526.43,523.22
1212,2022-04-20,518.23,504.78,522.48,173724.6,88524288.5,509.57
1213,2022-04-21,522.97,504.8,509.57,129246.81,66809812.69,516.92
1214,2022-04-22,515.32,508.96,517.66,23375.06,11949408.28,511.2
1215,2022-04-23,510.81,504.5,511.2,20106.96,10196161.7,507.1
1216,2022-04-24,528.64,510.26,507.1,41514.85,21389940.07,515.24
1217,2022-04-25,494.86,478.68,515.24,35278.97,17420203.16,493.78
1218,2022-04-26,511.64,499.73,495.0,98026.34,49154017.83,501.44
1219,2022-04-27,524.53,504.24,501.07,63420.96,33027915.23,520.77
1220,2022-04-28,508.73,498.97,520.77,34597.39,17450775.79,504.4
1221,2022-04-29,494.28,483.07,504.4,34018.97,16469423.03,484.12
1222,2022-04-30,506.46,498.84,484.12,36411.12,18242650.55,501.02
1223,2022-05-01,509.02,499.07,501.02,33514.69,16837302.74,502.39
1224,2022-05-02,492.74,485.6,502.39,26820.94,13215825.07,492.74
1225,2022-05-03,520.12,508.49,492.74,37474.68,19238307.33,513.37
1226,2022-05-04,496.67,480.44,513.37,46876.74,22769561.69,485.73
1227,2022-05-05,494.53,476.8,485.73,41358.3,20251686.49,489.66
1228,2022-05-06,483.11,471.86,489.66,33093.62,15615686.58,471.86
1229,2022-05-07,462.18,451.42,471.86,46070.44,21187532.06,459.89
1230,2022-05-08,415.76,384.18,459.89,109750.9,42259566.59,385.05
1231,2022-05-09,421.23,400.77,385.05,105230.13,43780150.38,416.04
1232,2022-05-10,366.7,336.59,416.04,178048.34,62370533.98,350.3
1233,2022-05-11,361.1,306.68,350.3,293985.7,102643428.2,349.14
1234,2022-05-12,382.33,352.24,349.14,120063.54,45031796.36,375.07
1235,2022-05-13,385.2,370.07,375.07,62450.34,23956660.8,383.61
1236,2022-05-14,403.66,393.97,383.61,52848.87,21274700.95,402.56
1237,2022-05-15,385.17,375.05,402.56,64247.53,24512811.78,381.54
1238,2022-05-16,398.96,390.93,381.54,55970.64,21925458.12,391.73
1239,2022-05-17,372.05,359.48,391.73,51132.42,18935417.29,370.32
1240,2022-05-18,400.61,388.69,370.32,53949.34,21249354.56,393.88
1241,2022-05-19,390.86,380.53,393.88,46615.47,18126348.31,388.85
1242,2022-05-20,402.72,390.28,388.85,27684.28,11120902.73,401.7
1243,2022-05-21,422.82,408.13,401.7,50345.78,20640112.67,409.97
1244,2022-05-22,414.24,393.82,409.97,51809.07,20978069.8,404.91
1245,2022-05-23,422.1,406.87,404.91,37896.26,15957573.97,421.09
1246,2022-05-24,419.99,407.8,421.09,39597.4,16502447.54,416.76
1247,2022-05-25,394.09,377.09,416.76,75176.51,29229106.11,388.81
1248,2022-05-26,384.46,365.85,388.81,74065.35,28313293.01,382.27
1249,2022-05-27,398.0,386.83,382.27,29308.82,11464603.1,391.17
1250,2022-05-28,395.83,385.69,391.17,35809.3,13918430.7,388.68
1251,2022-05-29,427.45,406.48,388.68,64998.22,26436796.22,406.73
1252,2022-05-30,405.88,392.63,406.73,46703.22,18933214.14,405.39
1253,2022-05-31,388.76,372.64,405.39,53111.41,20207235.28,380.47
1254,2022-06-01,388.83,380.07,380.47,39660.71,15384835.59,387.91
1255,2022-06-02,381.12,372.4,387.91,38386.39,14432481.98,375.98
1256,2022-06-03,386.12,378.17,375.98,19472.29,7390302.84,379.53
1257,2022-06-04,379.97,373.38,379.53,21131.77,7962197.86,376.79
1258,2022-06-05,388.52,365.09,376.79,63390.98,23589001.78,372.12
1259,2022-06-06,374.85,356.4,372.12,92437.23,33702811.32,364.6
1260,2022-06-07,365.46,358.03,364.6,53057.99,19235291.39,362.53
1261,2022-06-08,369.57,362.97,362.53,27906.69,10294435.47,368.89
1262,2022-06-09,366.4,343.02,368.89,77174.94,28243828.09,365.97
1263,2022-06-10,355.75,335.79,365.97,128806.51,44411640.45,344.79
1264,2022-06-11,329.43,318.54,344.79,79497.73,26041850.49,327.58
1265,2022-06-12,289.63,271.0,327.58,309591.78,88512445.94,285.9
1266,2022-06-13,297.78,282.15,285.9,183814.78,53012398.53,288.4
1267,2022-06-14,311.22,269.25,288.4,269384.21,80511022.63,298.87
1268,2022-06-15,272.74,259.64,298.87,106900.88,28993634.76,271.22
1269,2022-06-16,283.89,275.25,271.22,102985.08,28944650.24,281.06
1270,2022-06-17,270.55,252.85,281.06,156861.66,40108697.6,255.69
1271,2022-06-18,298.29,273.99,255.69,97420.96,27162874.07,278.82
1272,2022-06-19,286.63,271.68,278.82,54361.6,15286935.35,281.21
1273,2022-06-20,286.59,275.96,281.21,45104.01,12834314.29,284.55
1274,2022-06-21,279.81,264.98,284.55,47427.63,13167385.42,277.63
1275,2022-06-22,306.42,296.02,277.63,47744.25,14175815.45,296.91
1276,2022-06-23,322.13,305.97,296.91,44880.67,13945429.99,310.72
1277,2022-06-24,317.26,305.88,310.72,27723.45,8568865.67,309.08
1278,2022-06-25,304.54,294.65,309.08,28160.91,8502125.59,301.91
1279,2022-06-26,303.47,295.34,301.91,28532.42,8575595.73,300.56
1280,2022-06-27,296.8,285.91,300.56,40321.82,11771537.94,291.94
1281,2022-06-28,283.11,273.79,291.94,48690.97,13736899.89,282.12
1282,2022-06-29,287.23,272.15,282.12,56539.45,15891274.65,281.07
1283,2022-06-30,287.96,276.73,281.07,57140.26,16015701.88,280.29
1284,2022-07-01,287.83,278.76,280.29,29392.27,8266001.17,281.23
1285,2022-07-02,286.23,279.58,281.23,25542.9,7215488.64,282.49
1286,2022-07-03,307.07,296.83,282.49,39296.65,11728499.93,298.46
1287,2022-07-04,306.05,294.81,298.46,42650.9,12845103.87,301.17
1288,2022-07-05,324.81,308.84,301.17,60450.77,18847653.6,311.79
1289,2022-07-06,326.91,312.59,311.79,38917.85,12215565.19,313.88
1290,2022-07-07,316.18,305.4,313.88,38022.45,11943583.33,314.12
1291,2022-07-08,315.48,311.39,314.12,17788.67,5595224.28,314.54
1292,2022-07-09,304.58,299.73,314.54,24638.66,7496930.83,304.28
1293,2022-07-10,294.48,285.07,304.28,31993.24,9389345.11,293.48
1294,2022-07-11,289.78,276.24,293.48,40593.31,11680658.99,287.75
1295,2022-07-12,310.87,296.75,287.75,63124.16,18786503.09,297.61
1296,2022-07-13,331.79,309.57,297.61,52217.19,16328366.8,312.7
1297,2022-07-14,321.95,303.29,312.7,58556.22,18230426.96,311.33
1298,2022-07-15,348.12,305.56,311.33,80391.24,26154451.13,325.34
1299,2022-07-16,330.27,319.04,325.34,60035.98,19511809.01,325.0
1300,2022-07-17,382.95,343.89,325.0,67738.68,23350576.47,344.72
1301,2022-07-18,351.91,329.62,344.72,60506.81,21122763.64,349.1
1302,2022-07-19,344.8,327.16,349.1,44567.82,14834040.56,332.84
1303,2022-07-20,351.68,336.25,332.84,40120.54,13726811.47,342.14
1304,2022-07-21,342.43,325.94,342.14,37880.87,12858536.58,339.45
1305,2022-07-22,347.72,335.28,339.45,36697.03,12318364.06,335.68
1306,2022-07-23,346.22,330.7,335.68,44079.79,14932936.99,338.77
1307,2022-07-24,317.3,302.12,338.77,45578.22,14335288.14,314.52
1308,2022-07-25,333.81,316.39,314.52,51881.92,16716302.74,322.2
1309,2022-07-26,371.81,346.39,322.2,68982.17,24054284.11,348.7
1310,2022-07-27,369.2,347.95,348.7,58132.93,20690739.41,355.92
1311,2022-07-28,393.01,356.58,355.92,85834.94,32494753.66,378.57
1312,2022-07-29,381.64,367.92,378.57,60705.73,22401225.7,369.01
1313,2022-07-30,374.31,360.72,369.01,34328.74,12494223.67,363.96
1314,2022-07-31,363.57,352.29,363.96,28964.5,10506466.09,362.74
1315,2022-08-01,370.04,357.0,364.48,94104.02,34459785.88,366.19
1316,2022-08-02,387.04,361.78,366.05,45565.02,17483505.77,383.7
1317,2022-08-03,406.01,374.55,383.7,64824.53,26010771.61,401.25
1318,2022-08-04,433.28,404.49,401.25,74924.34,30373371.1,405.39
1319,2022-08-05,412.52,395.0,405.39,33471.71,13661129.53,408.14
1320,2022-08-06,420.7,404.85,408.14,31412.99,13125512.9,417.84
1321,2022-08-07,434.37,413.25,417.94,120200.33,50225016.14,417.84
1322,2022-08-08,421.85,401.86,417.84,84469.31,35330991.5,418.27
1323,2022-08-09,431.8,416.52,418.27,136827.81,57409894.9,419.58
1324,2022-08-10,423.12,407.21,419.58,113675.01,47020401.18,413.64
1325,2022-08-11,434.5,419.18,413.76,30042.0,12630762.89,420.44
1326,2022-08-12,426.02,413.6,420.44,30816.08,12761282.51,414.11
1327,2022-08-13,411.58,402.65,414.11,25271.33,10288313.48,407.11
1328,2022-08-14,414.45,402.93,406.14,83217.79,34360114.37,412.89
1329,2022-08-15,408.49,402.66,412.89,54660.44,22194051.07,406.03
1330,2022-08-16,405.98,393.91,406.03,78210.45,31020315.42,396.63
1331,2022-08-17,396.44,383.51,396.63,71111.67,27464528.85,386.22
1332,2022-08-18,363.16,333.27,386.08,54453.48,19752734.41,362.75
1333,2022-08-19,373.0,353.73,362.75,39200.16,14468951.54,369.1
1334,2022-08-20,395.64,376.68,369.1,49439.0,19424653.06,392.9
1335,2022-08-21,403.12,391.45,392.9,51570.4,20187040.72,391.45
1336,2022-08-22,406.78,386.7,391.45,39766.93,15429539.21,388.0
1337,2022-08-23,396.48,379.92,388.0,33567.63,12911885.89,384.65
1338,2022-08-24,394.13,384.63,384.84,74557.89,29093737.19,390.22
1339,2022-08-25,369.59,361.41,390.22,87841.2,32001469.56,364.31
1340,2022-08-26,374.16,361.64,364.03,40683.57,14832179.82,364.57
1341,2022-08-27,361.81,345.94,364.57,26033.17,9414278.37,361.63
1342,2022-08-28,392.51,368.82,361.63,40221.15,14997210.97,372.87
1343,2022-08-29,371.1,358.65,372.87,42451.82,15493992.33,364.98
1344,2022-08-30,377.78,364.7,364.98,43467.53,15959064.34,367.15
1345,2022-08-31,368.12,362.83,366.97,78917.9,28863707.21,365.74
1346,2022-09-01,367.06,357.35,365.74,82487.37,30082742.46,364.7
1347,2022-09-02,366.21,361.26,364.7,36869.0,13453920.8,364.91
1348,2022-09-03,371.84,366.06,364.91,39678.69,14545449.49,366.58
1349,2022-09-04,365.36,360.16,366.58,51790.87,18814693.07,363.28
1350,2022-09-05,355.15,342.54,363.28,100109.3,34514466.42,344.77
1351,2022-09-06,367.14,352.95,344.77,86903.05,31839536.05,366.38
1352,2022-09-07,370.07,364.26,366.38,72714.5,26707451.72,367.29
1353,2022-09-08,405.61,379.96,367.29,115838.37,44337085.43,382.75
1354,2022-09-09,398.7,386.18,381.94,20085.73,7784594.2,387.57
1355,2022-09-10,391.28,383.05,387.42,49976.76,19228650.54,384.75
1356,2022-09-11,394.09,379.27,384.75,91611.36,34958324.81,381.59
1357,2022-09-12,369.0,345.62,381.59,114928.53,41981033.1,365.28
1358,2022-09-13,371.73,362.95,365.28,71177.32,26155805.99,367.47
1359,2022-09-14,359.78,328.95,367.43,78253.45,28108156.26,359.19
1360,2022-09-15,366.08,348.79,359.19,50709.19,18467378.04,364.18
1361,2022-09-16,381.82,369.12,364.18,29971.17,11127324.36,371.27
1362,2022-09-17,352.95,335.12,371.27,35488.44,12494259.99,352.07
1363,2022-09-18,366.35,354.96,352.84,113937.95,41062595.48,360.39
1364,2022-09-19,358.34,349.0,360.39,83175.05,29616100.01,356.07
1365,2022-09-20,356.88,341.2,356.07,114782.15,40848846.7,355.88
1366,2022-09-21,376.47,364.19,355.88,92694.22,34364047.86,370.72
1367,2022-09-22,381.01,370.79,370.72,100170.57,37641305.43,375.77
1368,2022-09-23,385.8,370.55,376.24,31143.65,11651913.45,374.13
1369,2022-09-24,375.28,364.38,374.13,20175.65,7514725.62,372.47
1370,2022-09-25,385.6,376.39,372.25,63170.41,23876174.58,377.96
1371,2022-09-26,378.31,365.21,377.96,122502.17,45797894.0,373.85
1372,2022-09-27,383.3,373.28,373.85,107300.79,41071822.15,382.77
1373,2022-09-28,394.36,385.53,382.77,117162.78,45482958.5,388.2
1374,2022-09-29,396.11,385.64,388.2,102747.25,40450810.85,393.69
1375,2022-09-30,392.89,385.15,393.69,66245.7,25885910.08,390.76
1376,2022-10-01,392.91,381.63,390.76,59084.5,23137187.68,391.59
1377,2022-10-02,400.44,389.48,391.59,77873.77,30413684.79,390.55
1378,2022-10-03,405.11,398.25,390.55,82048.46,32810905.98,399.9
1379,2022-10-04,402.45,396.97,399.9,67831.86,27131587.69,399.98
1380,2022-10-05,404.28,383.09,400.28,36264.15,14303781.68,394.43
1381,2022-10-06,390.4,381.44,394.43,45521.55,17671624.12,388.2
1382,2022-10-07,384.3,378.88,388.2,22783.03,8652513.18,379.78
1383,2022-10-08,382.09,379.16,379.5,39330.3,15017359.37,381.83
1384,2022-10-09,377.04,373.61,381.83,54816.47,20494686.53,373.88
1385,2022-10-10,375.44,370.68,374.28,32044.41,11985554.01,374.03
1386,2022-10-11,377.76,373.26,373.68,41859.09,15646588.36,373.79
1387,2022-10-12,380.04,368.58,373.79,106695.8,39866657.47,373.65
1388,2022-10-13,374.46,368.35,373.65,69186.52,25834205.3,373.4
1389,2022-10-14,374.11,370.95,373.4,32545.7,12089882.32,371.47
1390,2022-10-15,368.32,364.94,371.47,37194.52,13670506.35,367.54
1391,2022-10-16,379.15,373.8,367.54,44654.33,16835142.89,377.01
1392,2022-10-17,376.09,369.2,377.01,49999.47,18724623.18,374.5
1393,2022-10-18,375.12,371.17,374.5,34499.02,12913983.19,374.33
1394,2022-10-19,373.29,369.36,374.33,48433.6,17940291.58,370.41
1395,2022-10-20,373.69,366.6,370.12,28903.87,10626978.24,367.67
1396,2022-10-21,369.17,366.81,368.35,32168.17,11858624.48,368.64
1397,2022-10-22,385.02,374.43,368.83,24634.74,9251384.95,375.54
1398,2022-10-23,375.62,372.71,375.77,48411.82,18158950.79,375.09
1399,2022-10-24,391.94,385.66,375.09,96990.97,37485174.11,386.48
1400,2022-10-25,413.32,386.19,386.9,1055432.71,414977238.77,393.18
1401,2022-10-26,390.63,372.33,393.18,199543.74,77619669.37,388.99
1402,2022-10-27,411.31,400.07,388.99,66494.77,27025569.11,406.43
1403,2022-10-28,425.41,407.09,406.43,78878.67,32737216.34,415.03
1404,2022-10-29,432.52,404.39,415.03,77647.67,33113728.46,426.46
1405,2022-10-30,452.28,417.71,426.46,93388.33,41556193.1,444.98
1406,2022-10-31,451.61,433.11,444.98,55584.21,24504551.89,440.85
1407,2022-11-01,441.09,421.72,440.85,61941.91,27193116.17,439.01
1408,2022-11-02,459.64,436.3,439.01,60415.97,27350472.62,452.7
1409,2022-11-03,490.43,463.91,452.71,198811.73,95065748.87,478.17
1410,2022-11-04,480.04,467.76,478.26,36569.79,17226108.37,471.05
1411,2022-11-05,466.22,453.91,471.05,44218.15,20221275.01,457.31
1412,2022-11-06,455.63,438.08,457.31,72894.65,33120726.04,454.36
1413,2022-11-07,461.47,384.41,454.36,262394.89,115491712.79,440.14
1414,2022-11-08,374.41,345.87,440.14,229036.01,82484515.37,360.14
1415,2022-11-09,421.02,389.35,360.14,204955.36,82992090.23,404.93
1416,2022-11-10,405.5,374.69,404.93,137441.16,52979490.13,385.47
1417,2022-11-11,375.52,351.99,385.47,116236.57,42422595.93,364.97
1418,2022-11-12,369.0,359.79,364.97,53125.73,19448941.62,366.09
1419,2022-11-13,378.45,367.21,366.09,60611.16,22467234.48,370.68
1420,2022-11-14,377.95,360.69,371.45,114996.03,42251412.29,367.42
1421,2022-11-15,366.52,356.01,366.63,37901.9,13695694.65,361.35
1422,2022-11-16,358.94,352.08,361.35,33959.82,12097487.39,356.23
1423,2022-11-17,368.97,356.22,356.64,69931.03,25661564.39,366.96
1424,2022-11-18,368.94,361.45,366.77,25077.41,9129652.09,364.06
1425,2022-11-19,354.62,339.96,364.06,34537.82,12194991.74,353.09
1426,2022-11-20,346.32,338.88,353.09,46267.2,15768391.57,340.81
1427,2022-11-21,356.65,347.57,340.84,79129.83,28118767.52,355.35
1428,2022-11-22,405.65,368.95,354.96,70223.18,27963893.43,398.21
1429,2022-11-23,403.11,392.92,398.16,94302.29,37721670.47,400.01
1430,2022-11-24,408.21,396.25,400.01,84241.68,33940830.81,402.9
1431,2022-11-25,419.73,401.97,401.99,45111.21,18788689.95,416.5
1432,2022-11-26,416.04,406.48,416.5,26083.31,10731240.37,411.42
1433,2022-11-27,411.51,392.02,412.17,101981.7,40425393.62,396.4
1434,2022-11-28,416.58,399.72,395.87,44079.37,17670394.59,400.88
1435,2022-11-29,416.5,401.55,400.92,78495.04,31591932.11,402.47
1436,2022-11-30,403.65,390.63,403.0,42942.34,16855403.0,392.51
1437,2022-12-01,400.05,391.16,392.51,37702.09,14878923.97,394.64
1438,2022-12-02,392.2,377.14,394.64,36663.41,14342471.99,391.19
1439,2022-12-03,403.51,390.41,391.19,39401.32,15498219.07,393.34
1440,2022-12-04,395.57,389.58,392.44,49247.74,19287918.12,391.65
1441,2022-12-05,402.11,395.69,390.89,27215.63,10773591.27,395.86
1442,2022-12-06,390.14,382.91,395.86,32857.76,12752747.57,388.12
1443,2022-12-07,398.13,392.74,387.66,45729.22,18045415.03,394.61
1444,2022-12-08,396.27,390.18,394.61,37298.11,14596639.18,391.35
1445,2022-12-09,394.84,390.85,391.35,29136.71,11497450.23,394.6
1446,2022-12-10,395.93,387.06,394.6,35337.59,13719077.4,388.23
1447,2022-12-11,396.24,374.38,388.07,55445.51,20825297.79,375.6
1448,2022-12-12,387.59,358.86,375.6,181957.06,66921159.19,367.79
1449,2022-12-13,372.96,358.95,367.79,79538.1,28874661.48,363.03
1450,2022-12-14,358.06,349.26,363.03,51056.61,17973023.16,352.02
1451,2022-12-15,337.04,307.38,352.02,88051.73,27795315.14,315.67
1452,2022-12-16,332.98,306.39,315.67,61874.67,20452321.28,330.54
1453,2022-12-17,343.85,327.68,330.54,62004.75,21270236.92,343.04
1454,2022-12-18,337.89,325.17,343.04,44359.14,14508963.38,327.08
1455,2022-12-19,343.22,335.63,327.69,65433.32,22398125.07,342.3
1456,2022-12-20,340.33,333.93,342.3,40502.07,13543313.68,334.39
1457,2022-12-21,339.67,330.87,333.72,40954.32,13713811.61,334.86
1458,2022-12-22,336.79,332.48,334.86,34764.75,11616178.77,334.14
1459,2022-12-23,336.33,330.52,334.14,33790.88,11213503.53,331.85
1460,2022-12-24,336.06,329.1,331.85,39030.06,12883695.18,330.1
1461,2022-12-25,333.77,330.11,330.1,26803.04,8848029.8,330.11
1462,2022-12-26,334.88,323.91,330.11,26647.12,8880005.06,333.24
1463,2022-12-27,332.84,327.03,333.24,24533.37,8141963.0,331.87
1464,2022-12-28,334.41,331.26,331.45,39703.06,13232342.24,333.28
1465,2022-12-29,334.32,330.73,333.28,45394.74,15084596.38,332.3
1466,2022-12-30,334.75,331.03,331.91,27998.7,9318272.21,332.81
1467,2022-12-31,330.79,325.68,331.98,33578.89,10950987.49,326.13
1468,2023-01-01,330.42,324.62,326.13,40071.82,13151139.36,328.19
1469,2023-01-02,332.89,330.64,328.19,35851.02,11926527.99,332.67
1470,2023-01-03,349.77,334.35,332.67,93761.75,32667469.81,348.41
1471,2023-01-04,350.59,346.94,348.41,37620.45,13077803.56,347.62
1472,2023-01-05,351.17,345.94,347.62,35623.28,12420702.28,348.67
1473,2023-01-06,352.26,347.16,348.32,16619.54,5826147.27,350.56
1474,2023-01-07,371.15,356.11,350.56,44544.1,16448021.18,369.25
1475,2023-01-08,376.28,364.07,368.14,69433.36,25374746.18,365.45
1476,2023-01-09,373.8,367.71,365.08,37014.83,13749867.88,371.47
1477,2023-01-10,384.57,378.33,371.85,40409.19,15394714.08,380.97
1478,2023-01-11,400.98,380.57,380.97,62080.52,23876181.75,384.6
1479,2023-01-12,410.67,390.46,384.6,54987.1,21557860.05,392.05
1480,2023-01-13,421.88,397.36,392.43,63786.94,26101900.34,409.2
1481,2023-01-14,412.75,398.42,409.2,47246.48,19128162.65,404.86
1482,2023-01-15,413.52,397.25,404.86,42248.24,16961641.73,401.48
1483,2023-01-16,405.92,397.51,401.48,40656.56,16366596.97,402.56
1484,2023-01-17,392.34,377.47,402.56,64813.09,25006316.01,385.82
1485,2023-01-18,400.12,392.8,385.82,40928.03,16230488.01,396.56
1486,2023-01-19,423.55,404.9,396.56,49649.96,20246489.48,407.78
1487,2023-01-20,406.63,395.95,407.78,46631.14,18666904.89,400.31
1488,2023-01-21,408.52,399.16,400.31,42229.07,17104428.98,405.04
1489,2023-01-22,412.64,403.5,405.04,42554.54,17356102.59,407.86
1490,2023-01-23,410.28,387.63,407.86,62363.1,25042190.17,401.55
1491,2023-01-24,413.32,404.05,401.59,65001.72,26705587.13,410.84
1492,2023-01-25,409.62,403.43,412.06,42751.98,17402472.89,407.06
1493,2023-01-26,410.82,404.67,405.76,44114.94,18096053.36,410.2
1494,2023-01-27,410.68,401.88,411.11,34083.52,13926030.36,408.59
1495,2023-01-28,434.52,419.2,408.59,51027.59,21558278.59,422.48
1496,2023-01-29,412.69,401.98,421.48,63638.22,26184957.28,411.47
1497,2023-01-30,422.65,411.87,411.68,35867.33,14916777.79,415.89
1498,2023-01-31,432.74,419.88,415.89,41991.07,17677112.59,420.97
1499,2023-02-01,437.02,414.5,420.97,77902.99,33516999.87,430.24
1500,2023-02-02,452.48,424.02,430.08,95250.81,42098481.32,441.98
